Caprifoliaceae/Abelia/Abelia_macrotera
Caprifoliaceae/Abelia/Abelia_biflora
Caprifoliaceae/Lonicera/Lonicera_tatarica
Caprifoliaceae/Lonicera/Lonicera_webbiana
Caprifoliaceae/Lonicera/Lonicera_stephanocarpa
Caprifoliaceae/Lonicera/Lonicera_taipeiensis
Caprifoliaceae/Lonicera/Lonicera_tangutica
Caprifoliaceae/Lonicera/Lonicera_ligustrina_subsp._yunnanensis
Caprifoliaceae/Lonicera/Lonicera_maackii
Caprifoliaceae/Lonicera/Lonicera_microphylla
Caprifoliaceae/Leycesteria/Leycesteria_formosa
Caprifoliaceae/Abelia/Abelia_dielsii
Caprifoliaceae/Abelia/Abelia_parvifolia
Caprifoliaceae/Lonicera/Lonicera_ferdinandii
Caprifoliaceae/Lonicera/Lonicera_fragrantissima_subsp._standishii
Caprifoliaceae/Weigela/Weigela_florida
Caprifoliaceae/Weigela/Weigela_japonica_var._sinica
Caprifoliaceae/Lonicera/Lonicera_gynochlamydca
Caprifoliaceae/Lonicera/Lonicera_hispida
Caprifoliaceae/Lonicera/Lonicera_japonica
Caprifoliaceae/Lonicera/Lonicera_myrtillus
Caprifoliaceae/Lonicera/Lonicera_rupicola
Caprifoliaceae/Lonicera/Lonicera_ruprechtiana
Caprifoliaceae/Lonicera/Lonicera_modesta
Caprifoliaceae/Lonicera/Lonicera_chrysantha
Pinaceae/Abies/Abies_nukiangensis
Pinaceae/Abies/Abies_forrestii
Pinaceae/Abies/Abies_sibirica
Pinaceae/Pinus/Pinus_thunbergii
Pinaceae/Pinus/Pinus_yunnanensis
Pinaceae/Pinus/Pinus_bungeana
Pinaceae/Pinus/Pinus_taiwanensis
Pinaceae/Pinus/Pinus_armandi
Pinaceae/Pinus/Pinus_densata
Pinaceae/Pinus/Pinus_kwangtungensis
Pinaceae/Larix/Larix_kaempferi
Pinaceae/Larix/Larix_chinensis
Pinaceae/Larix/Larix_gmelini
Pinaceae/Larix/Larix_griffithiana
Pinaceae/Larix/Larix_potaninii_var.chinensis
Pinaceae/Larix/Larix_olgensis
Pinaceae/Tsuga/Tsuga_dumosa
Pinaceae/Tsuga/Tsuga_longibracteata
Pinaceae/Pinus/Pinus_densiflora
Pinaceae/Pinus/Pinus_elliottii
Pinaceae/Pinus/Pinus_griffithii
Pinaceae/Picea/Picea_likiangensis_var._linzhiensis
Pinaceae/Picea/Picea_meyeri
Pinaceae/Pinus/Pinus_massoniana
Pinaceae/Pinus/Pinus_pumila
Pinaceae/Pinus/Pinus_koraiensis
Pinaceae/Abies/Abies_fabri
Pinaceae/Abies/Abies_delavayi_var._motuoensis
Pinaceae/Pinus/Pinus_tabulaeformis
Pinaceae/Pinus/Pinus_taeda
Pinaceae/Pinus/Pinus_sibirica
Pinaceae/Keteleeria/Keteleeria_davidiana
Pinaceae/Keteleeria/Keteleeria_evelyniana
Pinaceae/Picea/Picea_likiangensis
Pinaceae/Abies/Abies_beshanzuensis
Pinaceae/Abies/Abies_georgei
Pinaceae/Picea/Picea_obovata
Pinaceae/Picea/Picea_schrenkiana
Pinaceae/Picea/Picea_wilsonii
Pinaceae/Picea/Picea_crassifolia
Pinaceae/Picea/Picea_brachytyla
Pinaceae/Picea/Picea_brachytyla_var._complanata
Pinaceae/Tsuga/Tsuga_chinensis_var._tchekiangensis
Pinaceae/Larix/Larix_potaninii
Pinaceae/Larix/Larix_potaninii_var._macrocarpa
Pinaceae/Picea/Picea_koraiensis
Pinaceae/Abies/Abies_faxoniana
Pinaceae/Larix/Larix_speciosa
Pinaceae/Larix/Larix_principisrupprechtii
Pinaceae/Abies/Abies_nephrolepis
Pinaceae/Pinus/Pinus_sylvestris_var._mongolica
Pinaceae/Pseudolarix/Pseudolarix_amabilis
Pinaceae/Abies/Abies_delavayi
Pinaceae/Abies/Abies_ernestii
Pinaceae/Abies/Abies_fargesii
Pinaceae/Tsuga/Tsuga_chinensis
Pinaceae/Abies/Abies_chensiensis
Pinaceae/Larix/Larix_sibirica
Pinaceae/Picea/Picea_jezoensis_var._microsperma
Pinaceae/Picea/Picea_asperata
Malvaceae/Tilia/Tilia_japonica
Malvaceae/Tilia/Tilia_tuan
Malvaceae/Tilia/Tilia_tristis
Malvaceae/Tilia/Tilia_henryana
Malvaceae/Tilia/Tilia_henryana_var._subglabra
Malvaceae/Tilia/Tilia_amurensis
Malvaceae/Grewia/Grewia_biloba_var._parviflora
Malvaceae/Erythropsis/Erythropsis_colorata
Malvaceae/Abutilon/Abutilon_theophrasti
Malvaceae/Grewia/Grewia_biloba
Malvaceae/Eriolaena/Eriolaena_spectabilis
Malvaceae/Triumfetta/Triumfetta_pilosa
Malvaceae/Colona/Colona_floribunda
Malvaceae/Tilia/Tilia_paucicostata
Malvaceae/Firmiana/Firmiana_platanifolia
Malvaceae/Tilia/Tilia_chinensis
Malvaceae/Pterospermum/Pterospermum_menglunense
Malvaceae/Tilia/Tilia_endochrysea
Malvaceae/Tilia/Tilia_oliveri_var._oliveri
Malvaceae/Tilia/Tilia_mandshurica_var._mandshurica
Malvaceae/Bombax/Bombax_ceiba
Malvaceae/Microcos/Microcos_chungii
Malvaceae/Tilia/Tilia_laetevirens
Malvaceae/Pterospermum/Pterospermum_lanceaefolium
Malvaceae/Tilia/Tilia_mongolica
Malvaceae/Colona/Colona_thorelii
Malvaceae/Tilia/Tilia_mofengensis
Malvaceae/Reevesia/Reevesia_pubescens
Malvaceae/Reevesia/Reevesia_pycnantha
Malvaceae/Reevesia/Reevesia_longipetiolata
Malvaceae/Tilia/Tilia_miqueliana
Malvaceae/Sterculia/Sterculia_lanceaefolia
Malvaceae/Sterculia/Sterculia_principis
Malvaceae/Tilia/Tilia_mandshurica
Malvaceae/Tilia/Tilia_oliveri
Malvaceae/Sterculia/Sterculia_lanceolata
Araliaceae/Schefflera/Schefflera_venulosa
Araliaceae/Metapanax/Metapanax_delavayi
Araliaceae/Schefflera/Schefflera_shweliensis
Araliaceae/Schefflera/Schefflera_fengii
Araliaceae/Dendropanax/Dendropanax_dentiger
Araliaceae/Nothopanax/Nothopanax_davidii
Araliaceae/Tetrapanax/Tetrapanax_papyrifer
Araliaceae/Macropanax/Macropanax_Oreophilus
Araliaceae/Macropanax/Macropanax_undulatus
Araliaceae/Schefflera/Schefflera_minutistellata
Araliaceae/Trevesia/Trevesia_palmata
Araliaceae/Acanthopanax/Acanthopanax_henryi
Araliaceae/Dendropanax/Dendropanax_macrocarpus
Araliaceae/Acanthopanax/Acanthopanax_evodiaefolius
Araliaceae/Schefflera/Schefflera_macrophylla
Araliaceae/Aralia/Aralia_fargesii
Araliaceae/Acanthopanax/Acanthopanax_sinensis
Araliaceae/Aralia/Aralia_chinensis
Araliaceae/Schefflera/Schefflera_rubriflora
Araliaceae/Acanthopanax/Acanthopanax_senticosus
Araliaceae/Aralia/Aralia_elata
Araliaceae/Acanthopanax/Acanthopanax_gracilistylus
Araliaceae/Schefflera/Schefflera_heptaphylla
Araliaceae/Kalopanax/Kalopanax_septemlobus
Sapindaceae/Acer/Acer_caesium_subsp._giraldii
Sapindaceae/Acer/Acer_cordatum
Sapindaceae/Acer/Acer_ginnala_subsp._ginnala
Sapindaceae/Acer/Acer_tetramerum_var._betulifolium
Sapindaceae/Acer/Acer_komarovii
Sapindaceae/Acer/Acer_truncatum
Sapindaceae/Acer/Acer_coriaceifolia
Sapindaceae/Acer/Acer_caudatum_var._prattii
Sapindaceae/Acer/Acer_heptalobum
Sapindaceae/Acer/Acer_maximowiczii
Sapindaceae/Acer/Acer_caudatum_var._multiserratum
Sapindaceae/Acer/Acer_tetramerum_var._dolichurum
Sapindaceae/Acer/Acer_triflorum_var._triflorum
Sapindaceae/Acer/Acer_davidii_subsp._Grosseri
Sapindaceae/Dipteronia/Dipteronia_sinensis
Sapindaceae/Arytera/Arytera_littoralis
Sapindaceae/Acer/Acer_tonkinense_subsp._liquidambarifolium
Sapindaceae/Acer/Acer_cappadocicum
Sapindaceae/Koelreuteria/Koelreuteria_paniculata
Sapindaceae/Acer/Acer_davidii
Sapindaceae/Acer/Acer_griseum
Sapindaceae/Acer/Acer_tetramerum_var._haopingense
Sapindaceae/Acer/Acer_nikoense
Sapindaceae/Acer/Acer_mono
Sapindaceae/Acer/Acer_duplicatoserratum
Sapindaceae/Pometia/Pometia_tomentosa
Sapindaceae/Acer/Acer_tetramerum
Sapindaceae/Xanthoceras/Xanthoceras_sorbifolia
Sapindaceae/Acer/Acer_robustum
Sapindaceae/Acer/Acer_caudatum
Sapindaceae/Acer/Acer_grosseri_var._grosseri
Sapindaceae/Acer/Acer_ukurunduense
Sapindaceae/Acer/Acer_henryi
Sapindaceae/Acer/Acer_mandshuricum
Sapindaceae/Acer/Acer_tutcheri
Sapindaceae/Acer/Acer_sinense_var._longilobum
Sapindaceae/Acer/Acer_mandshuricum_subsp._kansuense
Sapindaceae/Acer/Acer_fulvescens_subsp._fupingense
Sapindaceae/Acer/Acer_tegmentosum
Sapindaceae/Acer/Acer_kweilinense
Sapindaceae/Acer/Acer_negundo
Sapindaceae/Acer/Acer_sinense
Sapindaceae/Nephelium/Nephelium_chryseum
Sapindaceae/Mischocarpus/Mischocarpus_pentapetalus
Sapindaceae/Acer/Acer_laevigatum
Sapindaceae/Acer/Acer_buergerianum_var._buergerianum
Sapindaceae/Acer/Acer_caudatifolium
Sapindaceae/Acer/Acer_linganense
Sapindaceae/Acer/Acer_franchetii
Sapindaceae/Acer/Acer_pseudosieboldianum
Sapindaceae/Nephelium/Nephelium_lappaceum
Sapindaceae/Acer/Acer_barbinerve
Sapindaceae/Acer/Acer_wilsonii
Sapindaceae/Acer/Acer_erianthum
Sapindaceae/Acer/Acer_wilsonii_var._longicaudatum
Sapindaceae/Sapindus/Sapindus_rarak
Sapindaceae/Acer/Acer_prolificum
Sapindaceae/Sapindus/Sapindus_mukorossi
Sapindaceae/Acer/Acer_flabellatum_var._yunnanense
Sapindaceae/Acer/Acer_oliverianum
Sapindaceae/Aesculus/Aesculus_chinensis
Sapindaceae/Acer/Acer_pictum_subsp._mono
Sapindaceae/Acer/Acer_wardii
Sapindaceae/Acer/Acer_amplum_var._amplum
Sapindaceae/Acer/Acer_flabellatum_var._flabellatum
Sapindaceae/Acer/Acer_laxiflorum_var._laxiflorum
Sapindaceae/Acer/Acer_fabri
Sapindaceae/Acer/Acer_pubipalmatum
Sapindaceae/Acer/Acer_palmatum_var._palmatum
Sapindaceae/Acer/Acer_oblongum
Myrtaceae/Syzygium/Syzygium_cathayense
Myrtaceae/Syzygium/Syzygium_brachyantherum
Myrtaceae/Syzygium/Syzygium_cumini
Myrtaceae/Syzygium/Syzygium_grijsii
Myrtaceae/Syzygium/Syzygium_araiocladum
Myrtaceae/Syzygium/Syzygium_buxifolium
Myrtaceae/Syzygium/Syzygium_polypetaloideum
Myrtaceae/Syzygium/Syzygium_oblatum
Myrtaceae/Acmena/Acmena_acuminatissima
Myrtaceae/Syzygium/Syzygium_balsameum
Myrtaceae/Syzygium/Syzygium_tetragonum
Myrtaceae/Syzygium/Syzygium_szemaoense
Myrtaceae/Syzygium/Syzygium_chunianum
Myrtaceae/Syzygium/Syzygium_jambos
Myrtaceae/Syzygium/Syzygium_hancei
Myrtaceae/Syzygium/Syzygium_melanophyllum
Myrtaceae/Syzygium/Syzygium_latilimbum
Rutaceae/Acronychia/Acronychia_pedunculata
Rutaceae/Zanthoxylum/Zanthoxylum_schinifolium
Rutaceae/Tetradium/Tetradium_glabrifolum
Rutaceae/Evodia/Evodia_lepta
Rutaceae/Evodia/Evodia_fargesii
Rutaceae/Zanthoxylum/Zanthoxylum_armatum
Rutaceae/Zanthoxylum/Zanthoxylum_bungeanum
Rutaceae/Evodia/Evodia_daniellii
Rutaceae/Skimmia/Skimmia_reevesiana
Rutaceae/Zanthoxylum/Zanthoxylum_simulans
Rutaceae/Fortunella/Fortunella_hindsii
Rutaceae/Zanthoxylum/Zanthoxylum_glomeratum
Rutaceae/Phellodendron/Phellodendron_amurense
Rutaceae/Zanthoxylum/Zanthoxylum_ovalifolium
Rutaceae/Zanthoxylum/Zanthoxylum_myriacanthum
Rutaceae/Evodia/Evodia_glabrifolia
Rutaceae/Evodia/Evodia_rutaecarpa
Rutaceae/Clausena/Clausena_excavata
Actinidiaceae/Actinidia/Actinidia_deliciosa
Actinidiaceae/Actinidia/Actinidia_chinensis
Actinidiaceae/Actinidia/Actinidia_arguta
Actinidiaceae/Saurauia/Saurauia_paucinervis
Actinidiaceae/Actinidia/Actinidia_polygama
Actinidiaceae/Actinidia/Actinidia_hemsleyana
Actinidiaceae/Clematoclethra/Clematoclethra_lasioclada
Actinidiaceae/Saurauia/Saurauia_tristyla
Actinidiaceae/Saurauia/Saurauia_griffithii
Lauraceae/Lindera/Lindera_erythrocarpa
Lauraceae/Cryptocarya/Cryptocarya_metcalfiana
Lauraceae/Cryptocarya/Cryptocarya_chinensis
Lauraceae/Cryptocarya/Cryptocarya_acutifolia
Lauraceae/Litsea/Litsea_chunii_var._latifolia
Lauraceae/Cryptocarya/Cryptocarya_concinna
Lauraceae/Lindera/Lindera_floribunda
Lauraceae/Machilus/Machilus_longipedicellata
Lauraceae/Litsea/Litsea_verticillata
Lauraceae/Cinnamomum/Cinnamomum_pauciflorum
Lauraceae/Litsea/Litsea_coreana
Lauraceae/Cryptocarya/Cryptocarya_densiflora
Lauraceae/Cinnamomum/Cinnamomum_longepaniculatum
Lauraceae/Litsea/Litsea_lancifolia
Lauraceae/Sassafras/Sassafras_tzumu
Lauraceae/Lindera/Lindera_chienii
Lauraceae/Litsea/Litsea_coreana_var._sinensis
Lauraceae/Cinnamomum/Cinnamomum_aromaticum
Lauraceae/Litsea/Litsea_sericea
Lauraceae/Litsea/Litsea_liyuyingi
Lauraceae/Lindera/Lindera_caudata
Lauraceae/Litsea/Litsea_glutinosa
Lauraceae/Phoebe/Phoebe_brachythyrsa
Lauraceae/Machilus/Machilus_microcarpa
Lauraceae/Machilus/Machilus_monticola
Lauraceae/Machilus/Machilus_leptophylla
Lauraceae/Cinnamomum/Cinnamomum_camphora
Lauraceae/Cinnamomum/Cinnamomum_wilsonii
Lauraceae/Machilus/Machilus_viridis
Lauraceae/Machilus/Machilus_thunbergii
Lauraceae/Machilus/Machilus_oreophila
Lauraceae/Machilus/Machilus_bombycina
Lauraceae/Machilus/Machilus_breviflora
Lauraceae/Machilus/Machilus_yunnanensis
Lauraceae/Litsea/Litsea_rubescens
Lauraceae/Cinnamomum/Cinnamomum_validinerve
Lauraceae/Machilus/Machilus_salicina
Lauraceae/Neolitsea/Neolitsea_sutchuanensis
Lauraceae/Litsea/Litsea_iehangensis
Lauraceae/Phoebe/Phoebe_formosana
Lauraceae/Phoebe/Phoebe_faberi
Lauraceae/Lindera/Lindera_glauca
Lauraceae/Machilus/Machilus_tenuipila
Lauraceae/Sinosassafras/Sinosassafras_flainervia
Lauraceae/Lindera/Lindera_fruticosa_var._fruticosa
Lauraceae/Machilus/Machilus_rufipes
Lauraceae/Lindera/Lindera_angustifolia
Lauraceae/Litsea/Litsea_tsinlingensis
Lauraceae/Actinodaphne/Actinodaphne_forrestii
Lauraceae/Lindera/Lindera_chunii
Lauraceae/Cinnamomum/Cinnamomum_liangii
Lauraceae/Cryptocarya/Cryptocarya_maclurei
Lauraceae/Cinnamomum/Cinnamomum_japonicum
Lauraceae/Cinnamomum/Cinnamomum_jensenianum
Lauraceae/Cinnamomum/Cinnamomum_rigidissimum
Lauraceae/Lindera/Lindera_limprichtii
Lauraceae/Lindera/Lindera_kwangtungensis
Lauraceae/Litsea/Litsea_rotundifolia_var._oblongifolia
Lauraceae/Lindera/Lindera_metcalfiana_var._dictyophylla
Lauraceae/Lindera/Lindera_nacusua
Lauraceae/Machilus/Machilus_velutina
Lauraceae/Litsea/Litsea_acutivena
Lauraceae/Litsea/Litsea_chunii
Lauraceae/Litsea/Litsea_atrata
Lauraceae/Cinnamomum/Cinnamomum_appelianum
Lauraceae/Litsea/Litsea_baviensis
Lauraceae/Cinnamomum/Cinnamomum_tamala
Lauraceae/Laurus/Laurus_nobilis
Lauraceae/Cinnamomum/Cinnamomum_subavenium
Lauraceae/Actinodaphne/Actinodaphne_lecomtei
Lauraceae/Lindera/Lindera_megaphylla
Lauraceae/Litsea/Litsea_garrettii
Lauraceae/Neolitsea/Neolitsea_pulchella
Lauraceae/Machilus/Machilus_grijsii
Lauraceae/Phoebe/Phoebe_forrestii
Lauraceae/Neolitsea/Neolitsea_wushanica_var._pubens
Lauraceae/Cinnamomum/Cinnamomum_parthenoxylon
Lauraceae/Litsea/Litsea_auriculata
Lauraceae/Lindera/Lindera_communis
Lauraceae/Cryptocarya/Cryptocarya_yunnanensis
Lauraceae/Litsea/Litsea_pedunculata
Lauraceae/Litsea/Litsea_elongata
Lauraceae/Litsea/Litsea_pungens
Lauraceae/Beilschmiedia/Beilschmiedia_yunnanensis
Lauraceae/Lindera/Lindera_aggregata
Lauraceae/Cinnamomum/Cinnamomum_burmanii
Lauraceae/Neolitsea/Neolitsea_phanerophlebia
Lauraceae/Machilus/Machilus_gongshanensis
Lauraceae/Cinnamomum/Cinnamomum_glanduliferum
Lauraceae/Machilus/Machilus_ichangensis_var._leiophylla
Lauraceae/Lindera/Lindera_reflexa
Lauraceae/Machilus/Machilus_pauhoi
Lauraceae/Litsea/Litsea_cubeba_f._obtusifolia
Lauraceae/Cinnamomum/Cinnamomum_austrosinense
Lauraceae/Machilus/Machilus_pingii
Lauraceae/Machilus/Machilus_robusta
Lauraceae/Lindera/Lindera_flavinervia
Lauraceae/Lindera/Lindera_latifolia
Lauraceae/Cinnamomum/Cinnamomum_tenuipilum
Lauraceae/Machilus/Machilus_chinensis
Lauraceae/Neolitsea/Neolitsea_levinei
Lauraceae/Lindera/Lindera_praecox
Lauraceae/Lindera/Lindera_obtusiloba
Lauraceae/Lindera/Lindera_pulcherrima_var._hemsleyana
Lauraceae/Litsea/Litsea_mollis
Lauraceae/Phoebe/Phoebe_chinensis
Lauraceae/Lindera/Lindera_thomsonii_var._thomsonii
Lauraceae/Litsea/Litsea_cubeba
Lauraceae/Phoebe/Phoebe_puwenensis
Lauraceae/Actinodaphne/Actinodaphne_cupularis
Lauraceae/Actinodaphne/Actinodaphne_trichocarpa
Lauraceae/Phoebe/Phoebe_zhennan
Lauraceae/Litsea/Litsea_elongata_var._faberi
Lauraceae/Beilschmiedia/Beilschmiedia_tungfangensis
Lauraceae/Neolitsea/Neolitsea_wushanica
Lauraceae/Machilus/Machilus_ichangensis
Lauraceae/Beilschmiedia/Beilschmiedia_laevis
Lauraceae/Litsea/Litsea_pierrei_var._lobata_var._szemois
Lauraceae/Litsea/Litsea_pseudoelongata
Lauraceae/Litsea/Litsea_monopetala
Lauraceae/Litsea/Litsea_euosma
Lauraceae/Actinodaphne/Actinodaphne_obovata
Lauraceae/Phoebe/Phoebe_yunnanensis
Lauraceae/Cinnamomum/Cinnamomum_bodinieri
Lauraceae/Neolitsea/Neolitsea_confertifolia
Lauraceae/Neocinnamomum/Neocinnamomum_caudatum
Lauraceae/Alseodaphne/Alseodaphne_hainanensis
Lauraceae/Cinnamomum/Cinnamomum_chartophyllum
Lauraceae/Machilus/Machilus_phoenicis
Lauraceae/Cinnamomum/Cinnamomum_bejolghota
Lauraceae/Beilschmiedia/Beilschmiedia_brachythyrsa
Lauraceae/Machilus/Machilus_rehderi
Lauraceae/Actinodaphne/Actinodaphne_henryi
Lauraceae/Lindera/Lindera_supracostata
Lauraceae/Neolitsea/Neolitsea_cambodiana
Lauraceae/Phoebe/Phoebe_sheareri
Lauraceae/Neolitsea/Neolitsea_homilantha
Lauraceae/Litsea/Litsea_panamonja
Lauraceae/Phoebe/Phoebe_neurantha_var._neurantha
Lauraceae/Beilschmiedia/Beilschmiedia_intermedia
Lauraceae/Phoebe/Phoebe_microphylla
Lauraceae/Machilus/Machilus_chienkweiensis
Lauraceae/Phoebe/Phoebe_lanceolata
Lauraceae/Neolitsea/Neolitsea_aurata
Lauraceae/Beilschmiedia/Beilschmiedia_purpurascens
Lauraceae/Neolitsea/Neolitsea_polycarpa
Lauraceae/Litsea/Litsea_dilleniifolia
Lauraceae/Lindera/Lindera_fragrans
Lauraceae/Beilschmiedia/Beilschmiedia_percoriacea
Lauraceae/Neolitsea/Neolitsea_aurata_var._chekiangensis
Lauraceae/Alseodaphne/Alseodaphne_andersonii
Lauraceae/Cinnamomum/Cinnamomum_austroyunnanense
Lauraceae/Neocinnamomum/Neocinnamomum_delavayi
Lauraceae/Beilschmiedia/Beilschmiedia_glauca
Lauraceae/Beilschmiedia/Beilschmiedia_appendiculata
Lauraceae/Neolitsea/Neolitsea_chuii
Rubiaceae/Mycetia/Mycetia_longiflora
Rubiaceae/Mycetia/Mycetia_hirta
Rubiaceae/Mycetia/Mycetia_yunnanica
Rubiaceae/Nauclea/Nauclea_officinalis
Rubiaceae/Hyptianthera/Hyptianthera_stricta
Rubiaceae/Aidia/Aidia_canthioides
Rubiaceae/Canthium/Canthium_dicoccum
Rubiaceae/Diplospora/Diplospora_dubia
Rubiaceae/Psychotria/Psychotria_asiatica
Rubiaceae/Lasianthus/Lasianthus_hirsutus
Rubiaceae/Canthium/Canthium_horridum
Rubiaceae/Metadina/Metadina_trichotoma
Rubiaceae/Gardenia/Gardenia_jasminoides
Rubiaceae/Lasianthus/Lasianthus_sikkimensis
Rubiaceae/Aidia/Aidia_cochinchinensis
Rubiaceae/Psychotria/Psychotria_henryi
Rubiaceae/Emmenopterys/Emmenopterys_henryi
Rubiaceae/Tarenna/Tarenna_mollissima
Rubiaceae/Lasianthus/Lasianthus_chinensis
Rubiaceae/Aidia/Aidia_oxyodonta
Rubiaceae/Catunaregam/Catunaregam_spinosa
Rubiaceae/Adina/Adina_pilulifera
Rubiaceae/Pavetta/Pavetta_hongkongensis
Rubiaceae/Lasianthus/Lasianthus_hookeri_var._dunniana
Rubiaceae/Canthium/Canthium_simile
Rubiaceae/Myrioneuron/Myrioneuron_tonkinensis
Rubiaceae/Lasianthus/Lasianthus_henryi
Rubiaceae/Wendlandia/Wendlandia_longidens
Rubiaceae/Tarenna/Tarenna_acutisepala
Rubiaceae/Saprosma/Saprosma_ternatum
Rubiaceae/Wendlandia/Wendlandia_uvariifolia
Rubiaceae/Neonauclea/Neonauclea_griffithii
Rubiaceae/Tarenna/Tarenna_wangii
Pentaphylacaceae/Ternstroemia/Ternstroemia_kwangtungensis
Pentaphylacaceae/Eurya/Eurya_tsaii
Pentaphylacaceae/Eurya/Eurya_saxicola
Pentaphylacaceae/Eurya/Eurya_acuminata
Pentaphylacaceae/Eurya/Eurya_hupehensis
Pentaphylacaceae/Eurya/Eurya_persicaefolia
Pentaphylacaceae/Adinandra/Adinandra_glischroloma
Pentaphylacaceae/Eurya/Eurya_nitida
Pentaphylacaceae/Anneslea/Anneslea_fragrans
Pentaphylacaceae/Eurya/Eurya_acuminatissima
Pentaphylacaceae/Eurya/Eurya_semiserrata
Pentaphylacaceae/Eurya/Eurya_glaberrima
Pentaphylacaceae/Ternstroemia/Ternstroemia_biangulipes
Pentaphylacaceae/Eurya/Eurya_muricata
Pentaphylacaceae/Eurya/Eurya_impressinervis
Pentaphylacaceae/Eurya/Eurya_prunifolia
Pentaphylacaceae/Pentaphylax/Pentaphylax_euryoides
Pentaphylacaceae/Eurya/Eurya_hebeclados
Pentaphylacaceae/Cleyera/Cleyera_pachyphylla
Pentaphylacaceae/Eurya/Eurya_yunnanensis
Pentaphylacaceae/Ternstroemia/Ternstroemia_luteoflora
Pentaphylacaceae/Eurya/Eurya_fangii_var._megaphylla
Pentaphylacaceae/Eurya/Eurya_kueichowensis
Pentaphylacaceae/Eurya/Eurya_brevistyla
Pentaphylacaceae/Eurya/Eurya_alata
Pentaphylacaceae/Eurya/Eurya_ciliata
Pentaphylacaceae/Eurya/Eurya_rubiginosa_var._attenuata
Pentaphylacaceae/Eurya/Eurya_groffii
Pentaphylacaceae/Ternstroemia/Ternstroemia_gymnanthera
Pentaphylacaceae/Eurya/Eurya_acuminoides
Pentaphylacaceae/Eurya/Eurya_macartneyi
Pentaphylacaceae/Eurya/Eurya_acutisepala
Pentaphylacaceae/Eurya/Eurya_inaequalis
Pentaphylacaceae/Adinandra/Adinandra_millettii
Pentaphylacaceae/Adinandra/Adinandra_hainanensis
Pentaphylacaceae/Cleyera/Cleyera_japonica
Pentaphylacaceae/Ternstroemia/Ternstroemia_nitida
Pentaphylacaceae/Adinandra/Adinandra_bockiana_var._acutifolia
Pentaphylacaceae/Eurya/Eurya_loquaiana
Pentaphylacaceae/Cleyera/Cleyera_parvifolia
Pentaphylacaceae/Eurya/Eurya_japonica
Pentaphylacaceae/Adinandra/Adinandra_megaphylla
Pentaphylacaceae/Eurya/Eurya_jintungensis
Ericaceae/Rhododendron/Rhododendron_bureavii
Ericaceae/Rhododendron/Rhododendron_basilicum
Ericaceae/Rhododendron/Rhododendron_phaeochrysum
Ericaceae/Rhododendron/Rhododendron_calophytum
Ericaceae/Rhododendron/Rhododendron_bachii
Ericaceae/Rhododendron/Rhododendron_ovatum
Ericaceae/Rhododendron/Rhododendron_maoerense
Ericaceae/Rhododendron/Rhododendron_augustinii
Ericaceae/Rhododendron/Rhododendron_leucaspis
Ericaceae/Rhododendron/Rhododendron_valentinianum
Ericaceae/Rhododendron/Rhododendron_tatsienense
Ericaceae/Vaccinium/Vaccinium_henryi
Ericaceae/Rhododendron/Rhododendron_callimorphum
Ericaceae/Rhododendron/Rhododendron_polyraphidoideum
Ericaceae/Rhododendron/Rhododendron_polypeis
Ericaceae/Vaccinium/Vaccinium_duclouxii
Ericaceae/Rhododendron/Rhododendron_argyrophyllum
Ericaceae/Rhododendron/Rhododendron_orbiculare
Ericaceae/Rhododendron/Rhododendron_oreodoxa_var._fargesii
Ericaceae/Rhododendron/Rhododendron_grande
Ericaceae/Rhododendron/Rhododendron_lindleyi
Ericaceae/Rhododendron/Rhododendron_pachytrichum
Ericaceae/Rhododendron/Rhododendron_platyphyllum
Ericaceae/Rhododendron/Rhododendron_araiophyllum
Ericaceae/Rhododendron/Rhododendron_clementinae
Ericaceae/Rhododendron/Rhododendron_cavaleriei
Ericaceae/Enkianthus/Enkianthus_chinensis
Ericaceae/Gaultheria/Gaultheria_leucocarpa_var._crenulata
Ericaceae/Rhododendron/Rhododendron_davidii
Ericaceae/Rhododendron/Rhododendron_pulchrum
Ericaceae/Rhododendron/Rhododendron_longipes_var._chienianum
Ericaceae/Rhododendron/Rhododendron_pachyphyllum
Ericaceae/Vaccinium/Vaccinium_longicaudatum
Ericaceae/Vaccinium/Vaccinium_harmandianum
Ericaceae/Vaccinium/Vaccinium_sinicum
Ericaceae/Rhododendron/Rhododendron_irroratum
Ericaceae/Rhododendron/Rhododendron_coriaceum
Ericaceae/Vaccinium/Vaccinium_mandarinorum
Ericaceae/Rhododendron/Rhododendron_amesiae
Ericaceae/Rhododendron/Rhododendron_ambiguum
Ericaceae/Rhododendron/Rhododendron_sutchuenense
Ericaceae/Rhododendron/Rhododendron_leptothrium
Ericaceae/Rhododendron/Rhododendron_purdomii
Ericaceae/Craibiodendron/Craibiodendron_henryi
Ericaceae/Craibiodendron/Craibiodendron_stellatum
Ericaceae/Rhododendron/Rhododendron_watsonii
Ericaceae/Rhododendron/Rhododendron_simsii
Ericaceae/Rhododendron/Rhododendron_hypoglaucum
Ericaceae/Rhododendron/Rhododendron_polytrichum
Ericaceae/Rhododendron/Rhododendron_invictum
Ericaceae/Enkianthus/Enkianthus_ruber
Ericaceae/Gaultheria/Gaultheria_forrestii
Ericaceae/Rhododendron/Rhododendron_pubicostatum
Ericaceae/Rhododendron/Rhododendron_amandum
Ericaceae/Rhododendron/Rhododendron_moulmainense
Ericaceae/Rhododendron/Rhododendron_latoucheae
Ericaceae/Rhododendron/Rhododendron_taronense
Ericaceae/Rhododendron/Rhododendron_farrerae
Ericaceae/Enkianthus/Enkianthus_quinqueflorus
Ericaceae/Vaccinium/Vaccinium_iteophyllum_var._glandulosum
Ericaceae/Rhododendron/Rhododendron_fortunei
Ericaceae/Vaccinium/Vaccinium_modestum
Ericaceae/Rhododendron/Rhododendron_henryi
Ericaceae/Rhododendron/Rhododendron_annae_subsp._laxiflorum
Ericaceae/Rhododendron/Rhododendron_anthosphaerum
Ericaceae/Rhododendron/Rhododendron_mucronatum
Ericaceae/Gaultheria/Gaultheria_griffithiana
Ericaceae/Rhododendron/Rhododendron_lapponicum
Ericaceae/Rhododendron/Rhododendron_kwangsiense
Ericaceae/Rhododendron/Rhododendron_subflumineum
Ericaceae/Rhododendron/Rhododendron_delavayi
Ericaceae/Rhododendron/Rhododendron_rivulare
Ericaceae/Enkianthus/Enkianthus_serrulatus
Ericaceae/Lyonia/Lyonia_doyonensis
Ericaceae/Rhododendron/Rhododendron_haofui
Ericaceae/Rhododendron/Rhododendron_scabrifolium
Ericaceae/Rhododendron/Rhododendron_clementinae_subsp._aureodorsale
Ericaceae/Rhododendron/Rhododendron_protistum_var._giganteum
Ericaceae/Rhododendron/Rhododendron_concinnum
Ericaceae/Vaccinium/Vaccinium_carlesii
Ericaceae/Vaccinium/Vaccinium_bracteatum_var._obovatum
Ericaceae/Pieris/Pieris_japonica
Ericaceae/Vaccinium/Vaccinium_iteophyllum
Ericaceae/Ledum/Ledum_palustre
Ericaceae/Rhododendron/Rhododendron_spiciferum
Ericaceae/Rhododendron/Rhododendron_rubiginosum
Ericaceae/Vaccinium/Vaccinium_bracteatum
Ericaceae/Lyonia/Lyonia_ovalifolia
Ericaceae/Rhododendron/Rhododendron_vialii
Ericaceae/Pieris/Pieris_formosa
Ericaceae/Rhododendron/Rhododendron_radendum
Ericaceae/Rhododendron/Rhododendron_alutaceum
Ericaceae/Agapetes/Agapetes_lacei
Ericaceae/Rhododendron/Rhododendron_stamineum
Ericaceae/Rhododendron/Rhododendron_sinogrande
Ericaceae/Rhododendron/Rhododendron_simiarum
Ericaceae/Rhododendron/Rhododendron_subenerve
Ericaceae/Rhododendron/Rhododendron_rufescens
Ericaceae/Rhododendron/Rhododendron_wardii
Ericaceae/Rhododendron/Rhododendron_mitriforme
Ericaceae/Rhododendron/Rhododendron_shanii
Ericaceae/Lyonia/Lyonia_ovalifolia_var._lanceolata
Ericaceae/Rhododendron/Rhododendron_floribundum
Ericaceae/Rhododendron/Rhododendron_mariesii
Ericaceae/Rhododendron/Rhododendron_micranthum
Ericaceae/Rhododendron/Rhododendron_mariae
Meliaceae/Aphanamixis/Aphanamixis_polystachya
Meliaceae/Aglaia/Aglaia_abbreviata
Meliaceae/Aglaia/Aglaia_perviridis
Meliaceae/Amoora/Amoora_dasyclada
Meliaceae/Melia/Melia_toosendan
Meliaceae/Cipadessa/Cipadessa_cinerascens
Meliaceae/Chukrasia/Chukrasia_tabularis
Meliaceae/Melia/Melia_azedarach
Meliaceae/Toona/Toona_sinensis
Meliaceae/Chisocheton/Chisocheton_paniculatus
Meliaceae/Dysoxylum/Dysoxylum_hongkongense
Meliaceae/Chukrasia/Chukrasia_tabularis_var._velutina
Meliaceae/Walsura/Walsura_yunnanensis
Meliaceae/Walsura/Walsura_robusta
Meliaceae/Toona/Toona_ciliata
Meliaceae/Trichilia/Trichilia_connaroides
Meliaceae/Dysoxylum/Dysoxylum_lukii
Meliaceae/Dysoxylum/Dysoxylum_binectariferum
Meliaceae/Amoora/Amoora_ouangliensis
Meliaceae/Dysoxylum/Dysoxylum_mollissimum
Meliaceae/Dysoxylum/Dysoxylum_excelsum
Simaroubaceae/Ailanthus/Ailanthus_altissima
Simaroubaceae/Picrasma/Picrasma_quassioides
Lardizabalaceae/Akebia/Akebia_quinata
Lardizabalaceae/Stauntonia/Stauntonia_chinensis
Lardizabalaceae/Decaisnea/Decaisnea_insignis
Lardizabalaceae/Akebia/Akebia_trifoliata
Cornaceae/Swida/Swida_alsophila
Cornaceae/Cornus/Cornus_officinalis
Cornaceae/Cornus/Cornus_chinensis
Cornaceae/Alangium/Alangium_kurzii_var._handelii
Cornaceae/Davidia/Davidia_involucrata
Cornaceae/Alangium/Alangium_plataaifoliam
Cornaceae/Alangium/Alangium_alpinum
Cornaceae/Swida/Swida_poliophylla
Cornaceae/Swida/Swida_alba
Cornaceae/Alangium/Alangium_chinense
Cornaceae/Nyssa/Nyssa_sinensis_var._sinensis
Cornaceae/Swida/Swida_walteri
Cornaceae/Alangium/Alangium_faberi
Cornaceae/Dendrobenthamia/Dendrobenthamia_hongkongensis
Cornaceae/Mastixia/Mastixia_pentandra_subsp._cambodiana
Cornaceae/Alangium/Alangium_kurzii
Cornaceae/Dendrobenthamia/Dendrobenthamia_japonica_var._chinensis
Cornaceae/Dendrobenthamia/Dendrobenthamia_elegans
Cornaceae/Dendrobenthamia/Dendrobenthamia_capitata
Cornaceae/Swida/Swida_bretschneideri
Cornaceae/Swida/Swida_macrophpla
Cornaceae/Bothrocaryum/Bothrocaryum_controversum
Cornaceae/Swida/Swida_hemsleyi
Cornaceae/Swida/Swida_ulotricha
Cornaceae/Dendrobenthamia/Dendrobenthamia_angustata
Fabaceae/Sophora/Sophora_japonica
Fabaceae/Dalbergia/Dalbergia_hancei
Fabaceae/Dalbergia/Dalbergia_hupeana
Fabaceae/Pueraria/Pueraria_lobata
Fabaceae/Cercis/Cercis_chinensis
Fabaceae/Leguminosae/Leguminosae
Fabaceae/Lespedeza/Lespedeza_bicolor
Fabaceae/Ormosia/Ormosia_glaberrima
Fabaceae/Cylindrokelupha/Cylindrokelupha_kerrii
Fabaceae/Sophora/Sophora_davidii
Fabaceae/Cylindrokelupha/Cylindrokelupha_yunnanensis
Fabaceae/Archidendron/Archidendron_clypearia
Fabaceae/Cercis/Cercis_chuniana
Fabaceae/Archidendron/Archidendron_lucidum
Fabaceae/Cylindrokelupha/Cylindrokelupha_alternifoliolata
Fabaceae/Dalbergia/Dalbergia_mimosoides
Fabaceae/Ormosia/Ormosia_henryi
Fabaceae/Ormosia/Ormosia_xylocarpa
Fabaceae/Cylindrokelupha/Cylindrokelupha_dalatensis
Fabaceae/Ormosia/Ormosia_microphylla
Fabaceae/Ormosia/Ormosia_pachycarpa
Fabaceae/Desmodium/Desmodium_megaphyllum
Fabaceae/Cladrastis/Cladrastis_wilsonii
Fabaceae/Robinia/Robinia_pseudoacacia
Fabaceae/Pithecellobium/Pithecellobium_dulce
Fabaceae/Gleditsia/Gleditsia_sinensis
Fabaceae/Campylotropis/Campylotropis_macrocarpa
Fabaceae/Ormosia/Ormosia_semicastrata_f._litchiifolia
Fabaceae/Sophora/Sophora_japonica_var.japonica
Fabaceae/Ormosia/Ormosia_fordiana
Fabaceae/Millettia/Millettia_dielsiana
Fabaceae/Caragana/Caragana_jubata
Fabaceae/Dalbergia/Dalbergia_obtusifolia
Fabaceae/Albizia/Albizia_julibrissin
Fabaceae/Derris/Derris_trifoliata
Fabaceae/Arachis/Arachis_hypogaea
Fabaceae/Lespedeza/Lespedeza_buergeri
Fabaceae/Bowringia/Bowringia_callicarpa
Fabaceae/Ormosia/Ormosia_balansae
Fabaceae/Maackia/Maackia_hupehensis
Fabaceae/Cladrastis/Cladrastis_sinensis
Fabaceae/Amorpha/Amorpha_fruticosa
Fabaceae/Albizia/Albizia_kalkora
Fabaceae/Bauhinia/Bauhinia_purpurea
Fabaceae/Albizia/Albizia_lucidior
Euphorbiaceae/Mallotus/Mallotus_japonicus
Euphorbiaceae/Sapium/Sapium_japonicum
Euphorbiaceae/Croton/Croton_kongensis
Euphorbiaceae/Cleidiocarpon/Cleidiocarpon_cavaleriei
Euphorbiaceae/Mallotus/Mallotus_apelta
Euphorbiaceae/Mallotus/Mallotus_barbatus
Euphorbiaceae/Sapium/Sapium_sebiferum
Euphorbiaceae/Cleidion/Cleidion_brevipetiolatum
Euphorbiaceae/Vernicia/Vernicia_montana
Euphorbiaceae/Mallotus/Mallotus_nepalensis
Euphorbiaceae/Croton/Croton_lachnocarpus
Euphorbiaceae/Sapium/Sapium_discolor
Euphorbiaceae/Macaranga/Macaranga_tanarius
Euphorbiaceae/Macaranga/Macaranga_henryi
Euphorbiaceae/Ostodes/Ostodes_paniculata
Euphorbiaceae/Ostodes/Ostodes_katharinae
Euphorbiaceae/Croton/Croton_cascarilloides
Euphorbiaceae/Vernicia/Vernicia_fordii
Euphorbiaceae/Mallotus/Mallotus_paniculatus
Euphorbiaceae/Croton/Croton_tiglium
Euphorbiaceae/Trigonostemon/Trigonostemon_chinensis
Euphorbiaceae/Mallotus/Mallotus_yunnanensis
Euphorbiaceae/Trewia/Trewia_nudiflora
Euphorbiaceae/Mallotus/Mallotus_japonicus_var._floccosus
Euphorbiaceae/Macaranga/Macaranga_sampsonii
Euphorbiaceae/Mallotus/Mallotus_philippensis
Euphorbiaceae/Macaranga/Macaranga_denticulata
Euphorbiaceae/Alchornea/Alchornea_tiliifolia
Euphorbiaceae/Lasiococca/Lasiococca_comberi_var._pseudoverticillata
Styracaceae/Styrax/Styrax_dasyanthus
Styracaceae/Huodendron/Huodendron_biaristatum_var._parviflorum
Styracaceae/Styrax/Styrax_confusus
Styracaceae/Halesia/Halesia_macgregorii
Styracaceae/Styrax/Styrax_grandiflorus
Styracaceae/Huodendron/Huodendron_tibeticum
Styracaceae/Styrax/Styrax_suberifolius
Styracaceae/Styrax/Styrax_tonkinensis
Styracaceae/Styrax/Styrax_faberi
Styracaceae/Huodendron/Huodendron_biaristatum
Styracaceae/Rehderodendron/Rehderodendron_macrocarpum
Styracaceae/Alniphyllum/Alniphyllum_fortunei
Styracaceae/Pterostyrax/Pterostyrax_corymbosus
Styracaceae/Rehderodendron/Rehderodendron_kwangtungense
Styracaceae/Styrax/Styrax_odoratissima
Styracaceae/Styrax/Styrax_obtassia
Styracaceae/Styrax/Styrax_hemsleyanus
Styracaceae/Pterostyrax/Pterostyrax_psilophyllus
Styracaceae/Styrax/Styrax_japonicus
Styracaceae/Melliodendron/Melliodendron_xylocarpum
Betulaceae/Carpinus/Carpinus_viminea
Betulaceae/Carpinus/Carpinus_fargesiana
Betulaceae/Carpinus/Carpinus_monbeigiana
Betulaceae/Ostrya/Ostrya_japonica
Betulaceae/Carpinus/Carpinus_pubescens
Betulaceae/Carpinus/Carpinus_turczaninowii_var._stipulata
Betulaceae/Betula/Betula_albosinensis
Betulaceae/Ostryopsis/Ostryopsis_davidiana
Betulaceae/Betula/Betula_platyphylla
Betulaceae/Corylus/Corylus_yunnanensis
Betulaceae/Carpinus/Carpinus_cordata
Betulaceae/Carpinus/Carpinus_turczaninowii
Betulaceae/Betula/Betula_alnoides
Betulaceae/Carpinus/Carpinus_polyneura
Betulaceae/Corylus/Corylus_heterophylla_var._sutchuenensis
Betulaceae/Betula/Betula_costata
Betulaceae/Betula/Betula_utilis
Betulaceae/Carpinus/Carpinus_cordata_var._chinensis
Betulaceae/Alnus/Alnus_nepalensis
Betulaceae/Corylus/Corylus_mandshurica
Betulaceae/Carpinus/Carpinus_shensiensis
Betulaceae/Ostrya/Ostrya_multinervis
Betulaceae/Betula/Betula_luminifera
Betulaceae/Alnus/Alnus_cremastogyne
Betulaceae/Betula/Betula_ermanii_var._ermanii
Betulaceae/Betula/Betula_delavayi
Betulaceae/Betula/Betula_dahurica
Betulaceae/Betula/Betula_insignia
Betulaceae/Corylus/Corylus_ferox_var._thibetica
Betulaceae/Corylus/Corylus_ferox
Betulaceae/Betula/Betula_chinensis
Betulaceae/Betula/Betula_pendula
Betulaceae/Betula/Betula_chinensis.Maxim._var._fargesh
Betulaceae/Corylus/Corylus_chinensis
Betulaceae/Corylus/Corylus_heterophylla
Betulaceae/Alnus/Alnus_sibirica
Betulaceae/Betula/Betula_austrosinensis
Betulaceae/Alnus/Alnus_japonica
Zingiberaceae/Alpinia/Alpinia_japonica
Cyatheaceae/Alsophila/Alsophila_spinulosa
Altingiaceae/Altingia/Altingia_obovata
Altingiaceae/Liquidambar/Liquidambar_formosana
Altingiaceae/Altingia/Altingia_chinensis
Altingiaceae/Altingia/Altingia_gracilipes
Altingiaceae/Liquidambar/Liquidambar_acalycina
Altingiaceae/Liquidambar/Liquidambar_formosana_Hance
Rosaceae/Sorbus/Sorbus_hupehensis
Rosaceae/Sorbus/Sorbus_multijuga
Rosaceae/Cerasus/Cerasus_cerasoides
Rosaceae/Photinia/Photinia_schneideriana
Rosaceae/Rosa/Rosa_moyesii
Rosaceae/Pygeum/Pygeum_henryi
Rosaceae/Rosa/Rosa_multiflora_var._multiflora
Rosaceae/Prinsepia/Prinsepia_utilis
Rosaceae/Exochorda/Exochorda_racemosa
Rosaceae/Sorbus/Sorbus_granulosa
Rosaceae/Exochorda/Exochorda_giraldii
Rosaceae/Photinia/Photinia_prunifolia
Rosaceae/Rosa/Rosa_acicularis
Rosaceae/Padus/Padus_brachypoda_var._microdonta
Rosaceae/Rosa/Rosa_henryi
Rosaceae/Cotoneaster/Cotoneaster_hebephyllus_var._incanus
Rosaceae/Padus/Padus_brachypoda
Rosaceae/Photinia/Photinia_beauverdiana_var._brevifolia
Rosaceae/Photinia/Photinia_lasiogyna
Rosaceae/Amygdalus/Amygdalus_davidiana
Rosaceae/Sorbus/Sorbus_koehneana
Rosaceae/Cerasus/Cerasus_polytricha
Rosaceae/Malus/Malus_kansuensis
Rosaceae/Stranvaesia/Stranvaesia_davidiana_var._undulata
Rosaceae/Sorbus/Sorbus_prattii
Rosaceae/Sorbus/Sorbus_megalocarpa
Rosaceae/Rubus/Rubus_parvifolius
Rosaceae/Rubus/Rubus_ellipticus
Rosaceae/Photinia/Photinia_villosa
Rosaceae/Pygeum/Pygeum_macrocarpum
Rosaceae/Potentilla/Potentilla_glabra
Rosaceae/Crataegus/Crataegus_pinnatifida
Rosaceae/Sorbus/Sorbus_hemsleyi
Rosaceae/Cerasus/Cerasus_conradinae
Rosaceae/Crataegus/Crataegus_maximowiczii
Rosaceae/Crataegus/Crataegus_sanguinea
Rosaceae/Cerasus/Cerasus_discoidea
Rosaceae/Prunus/Prunus_phaeosticata
Rosaceae/Sorbus/Sorbus_wilsoniana
Rosaceae/Photinia/Photinia_glomerata
Rosaceae/Padus/Padus_perulata
Rosaceae/Photinia/Photinia_integrifolia
Rosaceae/Pyrus/Pyrus_ussuriensis
Rosaceae/Photinia/Photinia_glabra
Rosaceae/Sorbus/Sorbus_alnifolia
Rosaceae/Photinia/Photinia_parvifolia
Rosaceae/Crataegus/Crataegus_shensiensis
Rosaceae/Cerasus/Cerasus_clarofolia
Rosaceae/Malus/Malus_baccata
Rosaceae/Photinia/Photinia_serrulata
Rosaceae/Pyrus/Pyrus_pyrifolia
Rosaceae/Cotoneaster/Cotoneaster_bullatus
Rosaceae/Padus/Padus_obtusata
Rosaceae/Sorbus/Sorbus_xanthoneura
Rosaceae/Padus/Padus_racemosa
Rosaceae/Sorbus/Sorbus_harrowiana
Rosaceae/Malus/Malus_melliana
Rosaceae/Crataegus/Crataegus_kansuensis
Rosaceae/Sorbus/Sorbus_pohuashanensis
Rosaceae/Photinia/Photinia_beauverdiana
Rosaceae/Sorbus/Sorbus_caloneura
Rosaceae/Eriobotrya/Eriobotrya_bengalensis_f._angustifolia
Rosaceae/Sorbus/Sorbus_rehderiana
Rosaceae/Sorbus/Sorbus_rufopilosa
Rosaceae/Stranvaesia/Stranvaesia_amphidoxa
Rosaceae/Cerasus/Cerasus_duclouxii
Rosaceae/Rubus/Rubus_pentagonus
Rosaceae/Cerasus/Cerasus_japonica
Rosaceae/Malus/Malus_micromalus
Rosaceae/Malus/Malus_komarovii
Rosaceae/Cerasus/Cerasus_schneideriana
Rosaceae/Padus/Padus_napaulensis
Rosaceae/Rosa/Rosa_saturata
Rosaceae/Armeniaca/Armeniaca_sibirica
Rosaceae/Photinia/Photinia_beauverdiana_var._notabilis
Rosaceae/Sorbus/Sorbus_dunnii
Rosaceae/Sorbus/Sorbus_ferruginea
Rosaceae/Rosa/Rosa_bella
Rosaceae/Maddenia/Maddenia_hypoleuca
Rosaceae/Padus/Padus_grayana
Rosaceae/Rubus/Rubus_erythrocarpus
Rosaceae/Padus/Padus_maackii
Rosaceae/Rubus/Rubus_coreanus
Rosaceae/Sorbus/Sorbus_tianschanica
Rosaceae/Amygdalus/Amygdalus_persica
Rosaceae/Amelanchier/Amelanchier_sinica
Rosaceae/Crataegus/Crataegus_cuneata
Rosaceae/Rosa/Rosa_tsinglingensis
Rosaceae/Spiraea/Spiraea_sericea
Rosaceae/Cerasus/Cerasus_tomentosa
Rosaceae/Stranvaesia/Stranvaesia_davidiana
Rosaceae/Pyrus/Pyrus_xerophila
Rosaceae/Rosa/Rosa_davurica
Rosaceae/Sorbus/Sorbus_tapashana
Rosaceae/Sorbus/Sorbus_tsinlingensis
Rosaceae/Laurocerasus/Laurocerasus_undulata
Rosaceae/Laurocerasus/Laurocerasus_zippeliana
Rosaceae/Rosa/Rosa_roxburghii
Rosaceae/Cerasus/Cerasus_serrulata
Rosaceae/Malus/Malus_sieboldii
Rosaceae/Crataegus/Crataegus_hupehensis
Rosaceae/Sorbus/Sorbus_aronioides
Rosaceae/Padus/Padus_buergeriana
Rosaceae/Prunus/Prunus_salicina
Rosaceae/Prunus/Prunus_cerasifera
Rosaceae/Cerasus/Cerasus_yedoensis
Rosaceae/Cotoneaster/Cotoneaster_multiflorus
Rosaceae/Cotoneaster/Cotoneaster_zabelii
Rosaceae/Spiraea/Spiraea_veitchii
Rosaceae/Cotoneaster/Cotoneaster_microphyllus
Rosaceae/Rubus/Rubus_corchorifolius
Rosaceae/Cerasus/Cerasus_dielsiana
Rosaceae/Neillia/Neillia_thrysiflora
Rosaceae/Laurocerasus/Laurocerasus_jenkinsii
Rosaceae/Cerasus/Cerasus_stipulacea
Rosaceae/Eriobotrya/Eriobotrya_cavaleriei
Rosaceae/Kerria/Kerria_japonica
Rosaceae/Sorbus/Sorbus_folgneri
Rosaceae/Crataegus/Crataegus_wilsonii
Rosaceae/Pyrus/Pyrus_calleryana
Rosaceae/Malus/Malus_honanensis
Rosaceae/Malus/Malus_halliana
Rosaceae/Cotoneaster/Cotoneaster_acutifolius
Rosaceae/Laurocerasus/Laurocerasus_phaeosticta_f._ciliospinosa
Rosaceae/Pyracantha/Pyracantha_fortuneana
Rosaceae/Malus/Malus_hupehensis
Rosaceae/Sorbaria/Sorbaria_sorbifolia
Rosaceae/Sorbus/Sorbus_amabilis
Rosaceae/Maddenia/Maddenia_wilsonii
Rosaceae/Pyrus/Pyrus_betulaefolia
Rosaceae/Eriobotrya/Eriobotrya_henryi
Rosaceae/Cotoneaster/Cotoneaster_glabratus
Rosaceae/Laurocerasus/Laurocerasus_phaeosticta
Rosaceae/Spiraea/Spiraea_mongolica
Rosaceae/Pyrus/Pyrus_phaeocarpa
Rosaceae/Spiraea/Spiraea_pubescens
Rosaceae/Cerasus/Cerasus_setulosa
Rosaceae/Pyrus/Pyrus_bretschneideri
Rosaceae/Eriobotrya/Eriobotrya_japonica
Rosaceae/Laurocerasus/Laurocerasus_spinulosa
Rosaceae/Crataegus/Crataegus_songorica
Rosaceae/Malus/Malus_spectabilis
Rosaceae/Pygeum/Pygeum_topengii
Rosaceae/Sorbus/Sorbus_discolor
Rosaceae/Cerasus/Cerasus_pseudocerasus
Rosaceae/Sorbaria/Sorbaria_arborea_var._glabrata
Rosaceae/Cerasus/Cerasus_claviculata
Rosaceae/Armeniaca/Armeniaca_vulgaris
Rosaceae/Eriobotrya/Eriobotrya_bengalensis
Rosaceae/Spiraea/Spiraea_velutina
Rosaceae/Spiraea/Spiraea_alpina
Rosaceae/Spiraea/Spiraea_trilobata
Rosaceae/Malus/Malus_sieversii
Rosaceae/Geum/Geum_aleppicum
Rosaceae/Spiraea/Spiraea_salicifolia
Rosaceae/Rosa/Rosa_rubus
Rosaceae/Malus/Malus_prattii
Rosaceae/Malus/Malus_pumila
Rosaceae/Spiraea/Spiraea_flexuosa
Rosaceae/Malus/Malus_transitoria
Rosaceae/Sorbus/Sorbus_zahlbruckneri
Rosaceae/Rosa/Rosa_omeiensis
Ancistrocladaceae/Ancistrocladus/Ancistrocladus_tectorius
Apocynaceae/Ervatamia/Ervatamia_divaricata
Apocynaceae/Winchia/Winchia_calophylla
Apocynaceae/Anodendron/Anodendron_affine
Apocynaceae/Strophanthus/Strophanthus_divaricatus
Apocynaceae/Ceropegia/Ceropegia_trichantha
Apocynaceae/Trachelospermum/Trachelospermum_jasminoides
Moraceae/Cudrania/Cudrania_cochinchinensis
Moraceae/Ficus/Ficus_racemosa
Moraceae/Ficus/Ficus_fistulosa
Moraceae/Morus/Morus_cathayana
Moraceae/Ficus/Ficus_superba_var._japonica
Moraceae/Ficus/Ficus_orthoneura
Moraceae/Morus/Morus_australis
Moraceae/Ficus/Ficus_semicordata
Moraceae/Morus/Morus_mongolica
Moraceae/Artocarpus/Artocarpus_styracifoliius
Moraceae/Cudrania/Cudrania_tricuspidata
Moraceae/Ficus/Ficus_nervosa
Moraceae/Ficus/Ficus_heteromorpha
Moraceae/Ficus/Ficus_racemosa_var._miquelli
Moraceae/Ficus/Ficus_gasparriniana
Moraceae/Ficus/Ficus_callosa
Moraceae/Ficus/Ficus_microcarpa
Moraceae/Broussonetia/Broussonetia_papyifera
Moraceae/Ficus/Ficus_chrysocarpa
Moraceae/Ficus/Ficus_glaberrima
Moraceae/Ficus/Ficus_esquiroliana
Moraceae/Ficus/Ficus_neriifolia_var._fieldingii
Moraceae/Artocarpus/Artocarpus_petelotii
Moraceae/Artocarpus/Artocarpus_hypargyreus
Moraceae/Ficus/Ficus_auriculata
Moraceae/Morus/Morus_alba
Moraceae/Ficus/Ficus_variolosa
Moraceae/Ficus/Ficus_hirta
Moraceae/Ficus/Ficus_benguetensis
Moraceae/Antiaris/Antiaris_toxicaria
Moraceae/Ficus/Ficus_irisana
Phyllanthaceae/Glochidion/Glochidion_wrightii
Phyllanthaceae/Bischofia/Bischofia_polycarpa
Phyllanthaceae/Glochidion/Glochidion_puberum
Phyllanthaceae/Baccaurea/Baccaurea_ramilfora
Phyllanthaceae/Aporusa/Aporusa_yunnanensis
Phyllanthaceae/Antidesma/Antidesma_bunius
Phyllanthaceae/Bridelia/Bridelia_tomentosa
Phyllanthaceae/Antidesma/Antidesma_montanum
Phyllanthaceae/Glochidion/Glochidion_assamicum
Phyllanthaceae/Antidesma/Antidesma_japonicum
Phyllanthaceae/Antidesma/Antidesma_pseudomicrophyllum
Phyllanthaceae/Phyllanthus/Phyllanthus_urinaria
Phyllanthaceae/Antidesma/Antidesma_venosum
Phyllanthaceae/Bridelia/Bridelia_insulana
Cannabaceae/Celtis/Celtis_bungeana
Cannabaceae/Pteroceltis/Pteroceltis_tatarinowii
Cannabaceae/Aphananthe/Aphananthe_cuspidata
Cannabaceae/Celtis/Celtis_vandervoetiana
Cannabaceae/Celtis/Celtis_koraiensis
Cannabaceae/Celtis/Celtis_biondii
Cannabaceae/Gironniera/Gironniera_subaequalis
Cannabaceae/Celtis/Celtis_timorensis
Cannabaceae/Celtis/Celtis_chekiangensis
Cannabaceae/Celtis/Celtis_sinensis
Thymelaeaceae/Daphne/Daphne_tangutica_var._tangutica
Thymelaeaceae/Wikstroemia/Wikstroemia_ligustrina
Thymelaeaceae/Daphne/Daphne_longilobata
Thymelaeaceae/Wikstroemia/Wikstroemia_scytophylla
Thymelaeaceae/Aquilaria/Aquilaria_sinensis
Primulaceae/Ardisia/Ardisia_affinis
Primulaceae/Ardisia/Ardisia_densilepidotula
Primulaceae/Myrsine/Myrsine_semiserrata
Primulaceae/Embelia/Embelia_laeta
Primulaceae/Myrsine/Myrsine_africana
Primulaceae/Ardisia/Ardisia_depressa
Primulaceae/Myrsine/Myrsine_africana_var._acuminata
Primulaceae/Maesa/Maesa_membranacea
Primulaceae/Maesa/Maesa_macilentoides
Primulaceae/Maesa/Maesa_japonica
Primulaceae/Maesa/Maesa_montana
Primulaceae/Embelia/Embelia_rudis
Primulaceae/Maesa/Maesa_indica
Primulaceae/Ardisia/Ardisia_japonica
Primulaceae/Myrsine/Myrsine_seguinii
Primulaceae/Ardisia/Ardisia_scalarinervis
Primulaceae/Ardisia/Ardisia_quinquegona
Annonaceae/Fissistigma/Fissistigma_oldhamii
Annonaceae/Polyalthia/Polyalthia_plagioneura
Annonaceae/Goniothalamus/Goniothalamus_griffithii
Annonaceae/Fissistigma/Fissistigma_maclurei
Annonaceae/Dasymaschalon/Dasymaschalon_rostratum
Annonaceae/Mezzettiopsis/Mezzettiopsis_creaghii
Annonaceae/Desmos/Desmos_chinensis
Annonaceae/Pseuduvaria/Pseuduvaria_indochinensis
Annonaceae/Polyalthia/Polyalthia_laui
Annonaceae/Mitrephora/Mitrephora_wangii
Annonaceae/Polyalthia/Polyalthia_cheliensis
Annonaceae/Artabotrys/Artabotrys_hexapetalus
Annonaceae/Mitrephora/Mitrephora_thorelii
Garryaceae/Aucuba/Aucuba_chinensis
Garryaceae/Aucuba/Aucuba_eriobotryaefolia
Lecythidaceae/Barringtonia/Barringtonia_racemosa
Salicaceae/Salix/Salix_paraplesia
Salicaceae/Salix/Salix_pseudotangii
Salicaceae/Populus/Populus_ningshanica
Salicaceae/Populus/Populus_koreana
Salicaceae/Salix/Salix_alfredi
Salicaceae/Salix/Salix_cathayana
Salicaceae/Salix/Salix_sinica_var._dentata
Salicaceae/Salix/Salix_spodiophylla
Salicaceae/Populus/Populus_lasiocarpa
Salicaceae/Salix/Salix_nujiangensis
Salicaceae/Populus/Populus_tremula
Salicaceae/Flacourtia/Flacourtia_indica
Salicaceae/Salix/Salix_caprea
Salicaceae/Salix/Salix_rotundifolia
Salicaceae/Salix/Salix_cavaleriei
Salicaceae/Salix/Salix_hylonoma
Salicaceae/Populus/Populus_davidiana
Salicaceae/Salix/Salix_cupularis
Salicaceae/Populus/Populus_simonii
Salicaceae/Populus/Populus_rotundifolia
Salicaceae/Salix/Salix_sinica
Salicaceae/Populus/Populus_nigra
Salicaceae/Populus/Populus_cathayana
Salicaceae/Salix/Salix_hypoleuca
Salicaceae/Populus/Populus_ussuriensis
Salicaceae/Populus/Populus_tomentosa
Salicaceae/Salix/Salix_raddeana
Salicaceae/Salix/Salix_pierotii
Salicaceae/Salix/Salix_taishanensis_var._hebeinica
Salicaceae/Populus/Populus_purdomii
Salicaceae/Salix/Salix_wolohoensis
Salicaceae/Salix/Salix_matsudana
Salicaceae/Populus/Populus_shanxiensis
Salicaceae/Idesia/Idesia_polycarpa
Salicaceae/Salix/Salix_takasagoalpina
Salicaceae/Salix/Salix_delavayana
Salicaceae/Populus/Populus_szechuanica
Salicaceae/Populus/Populus_canadensis
Salicaceae/Populus/Populus_canadensis_'_I_(2)14_'
Salicaceae/Salix/Salix_taraikensis
Salicaceae/Salix/Salix_gordejevii
Salicaceae/Salix/Salix_alba
Salicaceae/Populus/Populus_wilsonii
Salicaceae/Homalium/Homalium_cochinchinense
Salicaceae/Salix/Salix_fargesii
Salicaceae/Populus/Populus_adenopoda
Salicaceae/Salix/Salix_tangii
Salicaceae/Salix/Salix_cheilophila
Salicaceae/Populus/Populus_canadensis_'_Sacrau_79_'
Salicaceae/Salix/Salix_denticulata
Salicaceae/Salix/Salix_floderusii
Salicaceae/Bennettiodendron/Bennettiodendron_leprosipes_var._leprosipes
Salicaceae/Populus/Populus_maximowiczii
Salicaceae/Salix/Salix_xiaoguongshanica
Salicaceae/Salix/Salix_daliensis
Salicaceae/Poliothyrsis/Poliothyrsis_sinensis_var._sinensis
Salicaceae/Salix/Salix_wallichiana
Salicaceae/Bennettiodendron/Bennettiodendron_brevipes
Salicaceae/Salix/Salix_chaenomeloides
Salicaceae/Xylosma/Xylosma_longifolium
Berberidaceae/Berberis/Berberis_amurensis
Berberidaceae/Mahonia/Mahonia_bealei
Berberidaceae/Berberis/Berberis_julianae
Berberidaceae/Berberis/Berberis_pruinosa
Berberidaceae/Mahonia/Mahonia_gracilipes
Berberidaceae/Mahonia/Mahonia_longibracteata
Berberidaceae/Berberis/Berberis_ferdinandicoburgii
Berberidaceae/Berberis/Berberis_shensiana
Berberidaceae/Nandina/Nandina_domestica
Berberidaceae/Berberis/Berberis_circumserrata
Berberidaceae/Berberis/Berberis_dasystachya
Berberidaceae/Berberis/Berberis_thunbergii
Berberidaceae/Mahonia/Mahonia_fortunei
Berberidaceae/Berberis/Berberis_muliensis
Rhamnaceae/Ziziphus/Ziziphus_jujuba_var._spinosa
Rhamnaceae/Hovenia/Hovenia_acerba
Rhamnaceae/Rhamnus/Rhamnus_napalansis
Rhamnaceae/Sageretia/Sageretia_paucicostata
Rhamnaceae/Rhamnus/Rhamnus_dumetorum
Rhamnaceae/Berchemia/Berchemia_floribunda
Rhamnaceae/Rhamnus/Rhamnus_ussuriensis
Rhamnaceae/Rhamnus/Rhamnus_davurica
Rhamnaceae/Hovenia/Hovenia_dulcis
Rhamnaceae/Berchemia/Berchemia
Rhamnaceae/Rhamnus/Rhamnus_leptophylla
Rhamnaceae/Rhamnus/Rhamnus_crenata
Rhamnaceae/Rhamnus/Rhamnus_parvifolia
Rhamnaceae/Rhamnus/Rhamnus_utilis
Rhamnaceae/Hovenia/Hovenia_trichocarpa
Rhamnaceae/Berchemiella/Berchemiella_wilsonii
Rhamnaceae/Ziziphus/Ziziphus_jujuba_var._inermis
Rhamnaceae/Rhamnus/Rhamnus_bungeana
Melastomataceae/Blastus/Blastus_cochinchinensis
Melastomataceae/Memecylon/Memecylon_polyanthum
Melastomataceae/Bredia/Bredia_hirsuta_var._scandens
Melastomataceae/Memecylon/Memecylon_cyanocarpum
Melastomataceae/Melastoma/Melastoma_sanguineum
Melastomataceae/Melastoma/Melastoma_candidum
Urticaceae/Dendrocnide/Dendrocnide_uretissima
Urticaceae/Boehmeria/Boehmeria_nivea
Urticaceae/Debregeasia/Debregeasia_elliptica
Urticaceae/Oreocnide/Oreocnide_rubescens
Urticaceae/Oreocnide/Oreocnide_frutescens
Urticaceae/Debregeasia/Debregeasia_orientalis
Capparaceae/Capparis/Capparis_tenera
Capparaceae/Borthwickia/Borthwickia_trifoliata
Akaniaceae/Bretschneidera/Bretschneidera_sinensis
Santalaceae/Scleropyrum/Scleropyrum_wallichianum
Santalaceae/Buckleya/Buckleya_graebneriana
Santalaceae/Buckleya/Buckleya_lanceolate
Scrophulariaceae/Buddleja/Buddleja_lindleyana
Buxaceae/Buxus/Buxus_sinica
Buxaceae/Buxus/Buxus_sinica_var._parvifolia
Lamiaceae/Vitex/Vitex_negundo_var._heterophylla
Lamiaceae/Vitex/Vitex_negundo
Lamiaceae/Vitex/Vitex_negundo_var._cannabifolia
Lamiaceae/Premna/Premna_microphylla
Lamiaceae/Callicarpa/Callicarpa_formosana
Lamiaceae/Clerodendrum/Clerodendrum_cyrtophyllum
Lamiaceae/Gmelina/Gmelina_arborea
Lamiaceae/Vitex/Vitex_quinata_var._puberula
Lamiaceae/Dracocephalum/Dracocephalum_ruyschiana
Lamiaceae/Vitex/Vitex_quinata
Lamiaceae/Clerodendrum/Clerodendrum_trichotomum
Lamiaceae/Callicarpa/Callicarpa_bodinieri
Lamiaceae/Callicarpa/Callicarpa_longifolia
Lamiaceae/Premna/Premna_yunnanensis
Lamiaceae/Vitex/Vitex_trifolia_var._subtrisecta
Lamiaceae/Gmelina/Gmelina_hainanensis
Lamiaceae/Callicarpa/Callicarpa_kwangtungensis
Lamiaceae/Clerodendrum/Clerodendrum_mandarinorum
Lamiaceae/Premna/Premna_flavescens
Calophyllaceae/Calophyllum/Calophyllum_polyanthum
Theaceae/Camellia/Camellia_oleifera
Theaceae/Schima/Schima_khasiana
Theaceae/Schima/Schima_superba
Theaceae/Camellia/Camellia_semiserrata
Theaceae/Hartia/Hartia_brevicalyx
Theaceae/Schima/Schima_argentea
Theaceae/Stewartia/Stewartia_rubiginosa
Theaceae/Schima/Schima_wallichii
Theaceae/Hartia/Hartia_sinensis
Theaceae/Gordonia/Gordonia_axillaris
Theaceae/Camellia/Camellia_chekiangoleosa
Theaceae/Schima/Schima_remotiserrata
Theaceae/Camellia/Camellia_pitardii
Theaceae/Camellia/Camellia_japonica
Theaceae/Camellia/Camellia_yunnanensis_var._yunnanensis
Theaceae/Pyrenaria/Pyrenaria_cheliensis
Theaceae/Camellia/Camellia_sinensis
Theaceae/Camellia/Camellia_tsaii
Theaceae/Stewartia/Stewartia_sinensis
Theaceae/Camellia/Camellia_reticulata
Theaceae/Schima/Schima_noronhae
Theaceae/Camellia/Camellia_pitardii_var._pitardii
Theaceae/Gordonia/Gordonia_acuminata
Theaceae/Stewartia/Stewartia_brevicalyx
Theaceae/Camellia/Camellia_cuspidata
Theaceae/Hartia/Hartia_crassifolia
Theaceae/Stewartia/Stewartia_gemmata
Theaceae/Camellia/Camellia_taliensis
Theaceae/Camellia/Camellia_cuspidata_var._cuspidata
Theaceae/Camellia/Camellia_kissii
Theaceae/Stewartia/Stewartia_sinensis_var.acutisepala
Theaceae/Camellia/Camellia_fraterna
Theaceae/Gordonia/Gordonia_hainanensis
Theaceae/Camellia/Camellia_puniceiflora
Theaceae/Camellia/Camellia_furfuracea
Burseraceae/Garuga/Garuga_floribunda_var._gamblei
Burseraceae/Garuga/Garuga_pinnata
Burseraceae/Canarium/Canarium_pimela
Burseraceae/Canarium/Canarium_album
Rhizophoraceae/Pellacalyx/Pellacalyx_yunnanensis
Rhizophoraceae/Carallia/Carallia_brachiata
Asteraceae/Carthamus/Carthamus_tinctorius
Asteraceae/Parasenecio/Parasenecio_hastatus
Asteraceae/Vernonia/Vernonia_esculenta
Asteraceae/Vernonia/Vernonia_cinerea
Juglandaceae/Juglans/Juglans_mandshurica
Juglandaceae/Engelhardtia/Engelhardtia_fenzelii
Juglandaceae/Pterocarya/Pterocarya_delvayi
Juglandaceae/Engelhardtia/Engelhardtia_spicata
Juglandaceae/Platycarya/Platycarya_strobilacea
Juglandaceae/Engelhardtia/Engelhardtia_roxburghiana
Juglandaceae/Engelhardtia/Engelhardtia_serrata
Juglandaceae/Carya/Carya_cathayensis
Juglandaceae/Juglans/Juglans_cathayensis
Juglandaceae/Juglans/Juglans_cathayensis_var._formosana
Juglandaceae/Cyclocarya/Cyclocarya_paliurus
Juglandaceae/Pterocarya/Pterocarya_stenoptera
Juglandaceae/Juglans/Juglans_regia
Juglandaceae/Pterocarya/Pterocarya_hupehensis
Juglandaceae/Engelhardtia/Engelhardtia_colebrookiana
Arecaceae/Trachycarpus/Trachycarpus_fortunei
Arecaceae/Caryota/Caryota_ochlandra
Arecaceae/Livistona/Livistona_chinensis
Arecaceae/Caryota/Caryota_urens
Fagaceae/Lithocarpus/Lithocarpus_crassifolius
Fagaceae/Lithocarpus/Lithocarpus_longipedicellatus
Fagaceae/Castanea/Castanea_seguinii
Fagaceae/Fagus/Fagus_engleriana
Fagaceae/Quercus/Quercus_engleriana
Fagaceae/Cyclobalanopsis/Cyclobalanopsis_stewardiana
Fagaceae/Castanea/Castanea_henryi
Fagaceae/Quercus/Quercus_aquifolioides
Fagaceae/Quercus/Quercus_aliena
Fagaceae/Lithocarpus/Lithocarpus_litseifolius
Fagaceae/Quercus/Quercus_aliena_var._acuteserrata
Fagaceae/Cyclobalanopsis/Cyclobalanopsis_stewardiana_var._longicaudata
Fagaceae/Quercus/Quercus_pannosa
Fagaceae/Quercus/Quercus_baronii
Fagaceae/Cyclobalanopsis/Cyclobalanopsis_hui
Fagaceae/Lithocarpus/Lithocarpus_leucodermis
Fagaceae/Lithocarpus/Lithocarpus_henryi
Fagaceae/Cyclobalanopsis/Cyclobalanopsis_sessilifolia
Fagaceae/Fagus/Fagus_lucida
Fagaceae/Fagus/Fagus_longipetiolata
Fagaceae/Lithocarpus/Lithocarpus_dealbatus
Fagaceae/Quercus/Quercus_chenii
Fagaceae/Castanopsis/Castanopsis_delavayi
Fagaceae/Cyclobalanopsis/Cyclobalanopsis_jenseniana
Fagaceae/Cyclobalanopsis/Cyclobalanopsis_pseudoglauca
Fagaceae/Cyclobalanopsis/Cyclobalanopsis_oxyodon
Fagaceae/Castanopsis/Castanopsis_calathiformis
Fagaceae/Quercus/Quercus_acarodonta
Fagaceae/Fagus/Fagus_hayatae
Fagaceae/Castanopsis/Castanopsis_chunii
Fagaceae/Castanopsis/Castanopsis_orthacantha
Fagaceae/Lithocarpus/Lithocarpus_fenestratus
Fagaceae/Castanopsis/Castanopsis_remotidenticulata
Fagaceae/Quercus/Quercus_mongolica
Fagaceae/Cyclobalanopsis/Cyclobalanopsis_gracilis
Fagaceae/Lithocarpus/Lithocarpus_fordianus
Fagaceae/Castanopsis/Castanopsis_jianfenglingensis
Fagaceae/Cyclobalanopsis/Cyclobalanopsis_myrsinaefolia
Fagaceae/Castanopsis/Castanopsis_hystrix
Fagaceae/Quercus/Quercus_acutissima
Fagaceae/Lithocarpus/Lithocarpus_chrysocomus
Fagaceae/Lithocarpus/Lithocarpus_cleistocarpus_var._cleistocarpus
Fagaceae/Castanopsis/Castanopsis_sclerophylla
Fagaceae/Cyclobalanopsis/Cyclobalanopsis_chungii
Fagaceae/Lithocarpus/Lithocarpus_skanianus
Fagaceae/Lithocarpus/Lithocarpus_hypoglaucus
Fagaceae/Lithocarpus/Lithocarpus_harlandii
Fagaceae/Castanea/Castanea_mollissima
Fagaceae/Castanopsis/Castanopsis_platyacantha
Fagaceae/Castanopsis/Castanopsis_carlesii
Fagaceae/Lithocarpus/Lithocarpus_brevicaudatus
Fagaceae/Lithocarpus/Lithocarpus_iteaphyllus
Fagaceae/Lithocarpus/Lithocarpus_megalophyllus
Fagaceae/Lithocarpus/Lithocarpus_obovatilimbus
Fagaceae/Lithocarpus/Lithocarpus_truncatus
Fagaceae/Lithocarpus/Lithocarpus_cleistocarpus
Fagaceae/Quercus/Quercus_dentata
Fagaceae/Lithocarpus/Lithocarpus_confinis
Fagaceae/Lithocarpus/Lithocarpus_glaber
Fagaceae/Cyclobalanopsis/Cyclobalanopsis_glauca
Fagaceae/Lithocarpus/Lithocarpus_uvariifolius
Fagaceae/Lithocarpus/Lithocarpus_hancei
Fagaceae/Quercus/Quercus_serrata_var._brevipetiolata
Fagaceae/Castanopsis/Castanopsis_tessellata
Fagaceae/Castanopsis/Castanopsis_tibetana
Fagaceae/Quercus/Quercus_semecarpifolia
Fagaceae/Cyclobalanopsis/Cyclobalanopsis_lamellosa
Fagaceae/Quercus/Quercus_dolicholepis
Fagaceae/Castanopsis/Castanopsis_carlesii_var._carlesii
Fagaceae/Castanopsis/Castanopsis_fissa
Fagaceae/Quercus/Quercus_phillyraeoides
Fagaceae/Quercus/Quercus_fabri
Fagaceae/Cyclobalanopsis/Cyclobalanopsis_glaucoides
Fagaceae/Castanopsis/Castanopsis_indica
Fagaceae/Lithocarpus/Lithocarpus_corneus
Fagaceae/Castanopsis/Castanopsis_concinna
Fagaceae/Quercus/Quercus_griffithii
Fagaceae/Lithocarpus/Lithocarpus_petelotii
Fagaceae/Quercus/Quercus_gilliana
Fagaceae/Castanopsis/Castanopsis_fargesii
Fagaceae/Cyclobalanopsis/Cyclobalanopsis_multinervis
Fagaceae/Quercus/Quercus_variabilis
Fagaceae/Cyclobalanopsis/Cyclobalanopsis_argyrotricha
Fagaceae/Cyclobalanopsis/Cyclobalanopsis_gambleana
Fagaceae/Castanopsis/Castanopsis_eyrei
Fagaceae/Quercus/Quercus_spinosa
Fagaceae/Lithocarpus/Lithocarpus_xylocarpus
Fagaceae/Castanopsis/Castanopsis_argyrophylla
Fagaceae/Castanopsis/Castanopsis_echidnocarpa
Fagaceae/Castanopsis/Castanopsis_fabri
Fagaceae/Quercus/Quercus_wutaishanica
Fagaceae/Castanopsis/Castanopsis_ferox
Fagaceae/Cyclobalanopsis/Cyclobalanopsis_fleuryi
Fagaceae/Lithocarpus/Lithocarpus_variolosus
Fagaceae/Quercus/Quercus_serrata
Fagaceae/Castanopsis/Castanopsis_ceratacantha
Bignoniaceae/Parmentiera/Parmentiera_cerifera
Bignoniaceae/Mayodendron/Mayodendron_igneum
Bignoniaceae/Oroxylum/Oroxylum_indicum
Bignoniaceae/Dolichandrone/Dolichandrone_stipulata_var._velutina
Bignoniaceae/Radermachera/Radermachera_microcalyx
Bignoniaceae/Catalpa/Catalpa_ovata
Bignoniaceae/Catalpa/Catalpa_bungei
Celastraceae/Microtropis/Microtropis_fokienensis
Celastraceae/Euonymus/Euonymus_maackii
Celastraceae/Euonymus/Euonymus_wensiensis
Celastraceae/Celastrus/Celastrus_flagellaris
Celastraceae/Euonymus/Euonymus_laxiflorus
Celastraceae/Euonymus/Euonymus_yunnanensis
Celastraceae/Euonymus/Euonymus_sanguineus
Celastraceae/Microtropis/Microtropis_discolor
Celastraceae/Euonymus/Euonymus_carnosus
Celastraceae/Euonymus/Euonymus_myrianthus
Celastraceae/Euonymus/Euonymus_porphyreus
Celastraceae/Euonymus/Euonymus_oxyphyllus
Celastraceae/Euonymus/Euonymus_alatus
Celastraceae/Euonymus/Euonymus_tingens
Celastraceae/Euonymus/Euonymus_japonicus
Celastraceae/Euonymus/Euonymus_phellomanus
Celastraceae/Euonymus/Euonymus_verrucosus_var._chinensis
Celastraceae/Euonymus/Euonymus_cornutus
Celastraceae/Euonymus/Euonymus_hamiltonianus
Celastraceae/Euonymus/Euonymus_frigidus
Celastraceae/Euonymus/Euonymus_schensianus
Celastraceae/Celastrus/Celastrus_orbiculatus
Celastraceae/Microtropis/Microtropis_triflora
Celastraceae/Salacia/Salacia_polysperma
Celastraceae/Tripterygium/Tripterygium_hypoglaucum
Celastraceae/Euonymus/Euonymus_giraldii
Celastraceae/Microtropis/Microtropis_gracilipes
Orchidaceae/Cephalantheropsis/Cephalantheropsis_gracilis
Taxaceae/Torreya/Torreya_grandis
Taxaceae/Cephalotaxus/Cephalotaxus_sinensis
Taxaceae/Cephalotaxus/Cephalotaxus_fortunei
Taxaceae/Taxus/Taxus_yunnanensis
Taxaceae/Torreya/Torreya_fargesii
Taxaceae/Cephalotaxus/Cephalotaxus_oliveri
Taxaceae/Taxus/Taxus_chinensis
Taxaceae/Taxus/Taxus_chinensis_var._mairei
Cercidiphyllaceae/Cercidiphyllum/Cercidiphyllum_japonicum
Cupressaceae/Cryptomeria/Cryptomeria_fortunei
Cupressaceae/Sabina/Sabina_centrasiatica
Cupressaceae/Juniperus/Juniperus_chinensis
Cupressaceae/Taiwania/Taiwania_flousiana
Cupressaceae/Juniperus/Juniperus_rigida
Cupressaceae/Taxodium/Taxodium_ascendens
Cupressaceae/Metasequoia/Metasequoia_glyptostroboides
Cupressaceae/Juniperus/Juniperus_formosana
Cupressaceae/Sabina/Sabina_pingii_var._wilsonii
Cupressaceae/Cryptomeria/Cryptomeria_japonica
Cupressaceae/Taxodium/Taxodium_distichum
Cupressaceae/Chamaecyparis/Chamaecyparis_pisifera
Cupressaceae/Cunninghamia/Cunninghamia_lanceolata
Cupressaceae/Fokienia/Fokienia_hodginsii
Cupressaceae/Platycladus/Platycladus_orientalis
Poaceae/Pseudostachyum/Pseudostachyum_polymorphum
Poaceae/Fargesia/Fargesia_praecipua
Poaceae/Molinia/Molinia_hui
Poaceae/Chimonobambusa/Chimonobambusa_quadrangularis
Poaceae/Neosinocalamus/Neosinocalamus_affinis
Poaceae/Phyllostachys/Phyllostachys_bambusoides
Poaceae/Phyllostachys/Phyllostachys_sulphurea_'_Viridis_'
Poaceae/Phyllostachys/Phyllostachys_heterocycla_'_Pubescens_'
Poaceae/Indocalamus/Indocalamus_tessellatus
Oleaceae/Fraxinus/Fraxinus_chinensis
Oleaceae/Syringa/Syringa_tomentella
Oleaceae/Fraxinus/Fraxinus_bungeana
Oleaceae/Fraxinus/Fraxinus_rhynchophylla
Oleaceae/Fraxinus/Fraxinus_szaboana
Oleaceae/Fraxinus/Fraxinus_platypoda
Oleaceae/Olea/Olea_yuennanensis
Oleaceae/Linociera/Linociera_insignis
Oleaceae/Ligustrum/Ligustrum_lucidum
Oleaceae/Olea/Olea_rosea
Oleaceae/Olea/Olea_glandulifera
Oleaceae/Linociera/Linociera_ramiflora
Oleaceae/Olea/Olea_dioica
Oleaceae/Syringa/Syringa_oblata
Oleaceae/Syringa/Syringa_villosa
Oleaceae/Fraxinus/Fraxinus_mandschurica
Oleaceae/Olea/Olea_europaea
Oleaceae/Fraxinus/Fraxinus_insularis
Oleaceae/Fraxinus/Fraxinus_insularis_var._henryana
Oleaceae/Osmanthus/Osmanthus_yunnanensis
Oleaceae/Ligustrum/Ligustrum_angustum
Oleaceae/Syringa/Syringa_reticulata_var._amurensis
Oleaceae/Ligustrum/Ligustrum_sinense
Oleaceae/Syringa/Syringa_pekinensis
Oleaceae/Osmanthus/Osmanthus_didymopetalus
Oleaceae/Ligustrum/Ligustrum_expansum
Oleaceae/Ligustrum/Ligustrum_quihoui
Oleaceae/Ligustrum/Ligustrum_obtusifolium
Oleaceae/Olea/Olea_hainanensis
Oleaceae/Forsythia/Forsythia_suspensa
Oleaceae/Osmanthus/Osmanthus_matsumuranus
Oleaceae/Ligustrum/Ligustrum_compactum_var._velutinum
Oleaceae/Osmanthus/Osmanthus_fragrans
Oleaceae/Ligustrum/Ligustrum_delavayanum
Oleaceae/Osmanthus/Osmanthus_cooperi
Oleaceae/Ligustrum/Ligustrum_confusum
Oleaceae/Osmanthus/Osmanthus_gracilinervis
Oleaceae/Chionanthus/Chionanthus_retusus
Oleaceae/Osmanthus/Osmanthus_marginatus_var._longissimus
Oleaceae/Osmanthus/Osmanthus_armatus
Anacardiaceae/Pistacia/Pistacia_chinensis
Anacardiaceae/Rhus/Rhus_succedanea
Anacardiaceae/Toxicodendron/Toxicodendron_succedaneum
Anacardiaceae/Toxicodendron/Toxicodendron_sylvestre
Anacardiaceae/Rhus/Rhus_hypoleuca
Anacardiaceae/Spondias/Spondias_pinnata
Anacardiaceae/Cotinus/Cotinus_coggygria_var._glaucophylla
Anacardiaceae/Toxicodendron/Toxicodendron_hookeri
Anacardiaceae/Rhus/Rhus_chinensis
Anacardiaceae/Toxicodendron/Toxicodendron_wallichii_var._microcarpum
Anacardiaceae/Rhus/Rhus_potaninii
Anacardiaceae/Choerospondias/Choerospondias_axillaris_var._axillaris
Anacardiaceae/Cotinus/Cotinus_coggygria
Anacardiaceae/Rhus/Rhus_teniana
Anacardiaceae/Drimycarpus/Drimycarpus_racemosus
Anacardiaceae/Toxicodendron/Toxicodendron_vernicifluum
Anacardiaceae/Semecarpus/Semecarpus_reticulata
Anacardiaceae/Rhus/Rhus_punjabensis_var._sinica
Anacardiaceae/Mangifera/Mangifera_sylvatica
Anacardiaceae/Cotinus/Cotinus_coggygria_var._pubescens
Anacardiaceae/Toxicodendron/Toxicodendron_trichocarpum
Anacardiaceae/Rhus/Rhus_punjabensis
Ranunculaceae/Coptis/Coptis_chinensis
Ranunculaceae/Clematis/Clematis_pinnate
Clethraceae/Clethra/Clethra_cavaleriei
Clethraceae/Clethra/Clethra_fargesii
Clethraceae/Clethra/Clethra_barbinervis
Clethraceae/Clethra/Clethra_delavayi_var._yuiana
Menispermaceae/Cocculus/Cocculus_orbiculatus_var._mollis
Coriariaceae/Coriaria/Coriaria_nepalensis
Hamamelidaceae/Corylopsis/Corylopsis_sinensis
Hamamelidaceae/Corylopsis/Corylopsis_henryi
Hamamelidaceae/Exbucklandia/Exbucklandia_populnea
Hamamelidaceae/Corylopsis/Corylopsis_glandulifera_var._hypoglauca
Hamamelidaceae/Corylopsis/Corylopsis_platypetala
Hamamelidaceae/Corylopsis/Corylopsis_multiflora
Hamamelidaceae/Corylopsis/Corylopsis_veitchiana
Hamamelidaceae/Hamamelis/Hamamelis_mollis
Hamamelidaceae/Loropetalum/Loropetalum_chinense
Hamamelidaceae/Distylium/Distylium_racemosum
Hamamelidaceae/Fortunearia/Fortunearia_sinensis
Hamamelidaceae/Corylopsis/Corylopsis_willmottiae
Hamamelidaceae/Sycopsis/Sycopsis_sinensis
Hamamelidaceae/Distylium/Distylium_buxifolium
Hamamelidaceae/Corylopsis/Corylopsis_multiflora_var._nivea
Hamamelidaceae/Distylium/Distylium_myricoides
Penaeaceae/Crypteronia/Crypteronia_paniculata
Cycadaceae/Cycas/Cycas_revoluta
Daphniphyllaceae/Daphniphyllum/Daphniphyllum_calycinum
Daphniphyllaceae/Daphniphyllum/Daphniphyllum_himalense
Daphniphyllaceae/Daphniphyllum/Daphniphyllum_macropodum
Daphniphyllaceae/Daphniphyllum/Daphniphyllum_oldhami
Hydrangeaceae/Hydrangea/Hydrangea_strigosa
Hydrangeaceae/Hydrangea/Hydrangea_anomala
Hydrangeaceae/Philadelphus/Philadelphus_purpurascens
Hydrangeaceae/Deutzia/Deutzia_parviflora
Hydrangeaceae/Deutzia/Deutzia_discolor
Hydrangeaceae/Deutzia/Deutzia_glauca
Hydrangeaceae/Deutzia/Deutzia_longifolia
Hydrangeaceae/Hydrangea/Hydrangea_longipes
Hydrangeaceae/Philadelphus/Philadelphus_schrenkii
Hydrangeaceae/Hydrangea/Hydrangea_longifolia
Hydrangeaceae/Philadelphus/Philadelphus_sericanthus
Hydrangeaceae/Philadelphus/Philadelphus_incanus
Hydrangeaceae/Hydrangea/Hydrangea_paniculata
Hydrangeaceae/Philadelphus/Philadelphus_subcanus
Hydrangeaceae/Hydrangea/Hydrangea_macrophylla
Hydrangeaceae/Hydrangea/Hydrangea_xanthoneura
Hydrangeaceae/Hydrangea/Hydrangea_bretschneideri
Hydrangeaceae/Hydrangea/Hydrangea_davidii
Hydrangeaceae/Deutzia/Deutzia_grandiflora
Hydrangeaceae/Deutzia/Deutzia_parviflora_var._amurensis
Hydrangeaceae/Hydrangea/Hydrangea_chinensis
Dichapetalaceae/Dichapetalum/Dichapetalum_gelonioides
Dilleniaceae/Dillenia/Dillenia_turbinata
Ebenaceae/Diospyros/Diospyros_susarticulata
Ebenaceae/Diospyros/Diospyros_oleifera
Ebenaceae/Diospyros/Diospyros_dumetorum
Ebenaceae/Diospyros/Diospyros_nigrocortex
Ebenaceae/Diospyros/Diospyros_strigosa
Ebenaceae/Diospyros/Diospyros_kaki
Ebenaceae/Diospyros/Diospyros_lotus
Ebenaceae/Diospyros/Diospyros_glaucifolia
Ebenaceae/Diospyros/Diospyros_xishuangbannaensis
Ebenaceae/Diospyros/Diospyros_morrisiana
Ebenaceae/Diospyros/Diospyros_kaki_var._silvestris
Ebenaceae/Diospyros/Diospyros_longibracteata
Dipentodontaceae/Perrottetia/Perrottetia_racemosa
Dipentodontaceae/Dipentodon/Dipentodon_sinicus
Putranjivaceae/Drypetes/Drypetes_perreticulata
Lythraceae/Duabanga/Duabanga_grandiflora
Lythraceae/Lagerstroemia/Lagerstroemia_tomentosa
Lythraceae/Punica/Punica_granatum
Boraginaceae/Ehretia/Ehretia_longiflora
Boraginaceae/Ehretia/Ehretia_thyrsiflora
Elaeagnaceae/Elaeagnus/Elaeagnus_thunbergii
Elaeagnaceae/Elaeagnus/Elaeagnus_macrophylla
Elaeagnaceae/Elaeagnus/Elaeagnus_multiflora
Elaeagnaceae/Elaeagnus/Elaeagnus_magna
Elaeagnaceae/Elaeagnus/Elaeagnus_lanceolata
Elaeagnaceae/Elaeagnus/Elaeagnus_pungens
Elaeagnaceae/Elaeagnus/Elaeagnus_henryi
Elaeagnaceae/Elaeagnus/Elaeagnus_viridis
Elaeagnaceae/Hippophae/Hippophae_rhamnoides
Elaeagnaceae/Elaeagnus/Elaeagnus_umbellata
Elaeocarpaceae/Elaeocarpus/Elaeocarpus_petiolatus
Elaeocarpaceae/Elaeocarpus/Elaeocarpus_sylvestis
Elaeocarpaceae/Elaeocarpus/Elaeocarpus_varunua
Elaeocarpaceae/Elaeocarpus/Elaeocarpus_rugosus
Elaeocarpaceae/Elaeocarpus/Elaeocarpus_lanceaefolius
Elaeocarpaceae/Elaeocarpus/Elaeocarpus_japonicus
Elaeocarpaceae/Elaeocarpus/Elaeocarpus_limitaneus
Elaeocarpaceae/Sloanea/Sloanea_dasycarpa
Elaeocarpaceae/Elaeocarpus/Elaeocarpus_sphaericus
Elaeocarpaceae/Elaeocarpus/Elaeocarpus_fleuryi
Elaeocarpaceae/Elaeocarpus/Elaeocarpus_glabripetalus_var._glabripetalus
Elaeocarpaceae/Sloanea/Sloanea_sterculiacea
Elaeocarpaceae/Elaeocarpus/Elaeocarpus_prunifolioides
Elaeocarpaceae/Elaeocarpus/Elaeocarpus_prunifolioides_var._rectinervis
Elaeocarpaceae/Elaeocarpus/Elaeocarpus_decipiens
Elaeocarpaceae/Sloanea/Sloanea_tomentosa
Elaeocarpaceae/Sloanea/Sloanea_sinensis
Elaeocarpaceae/Elaeocarpus/Elaeocarpus_austroyunnanensis
Elaeocarpaceae/Elaeocarpus/Elaeocarpus_duclouxii
Elaeocarpaceae/Elaeocarpus/Elaeocarpus_glabripetalus
Elaeocarpaceae/Elaeocarpus/Elaeocarpus_chinensis
Erythroxylaceae/Erythroxylum/Erythroxylum_sinensis
Eucommiaceae/Eucommia/Eucommia_ulmoides
Eupteleaceae/Euptelea/Euptelea_pleiosperma
Staphyleaceae/Euscaphis/Euscaphis_japonica
Staphyleaceae/Turpinia/Turpinia_cochinchinensis
Staphyleaceae/Staphylea/Staphylea_holocarpa
Staphyleaceae/Staphylea/Staphylea_bumalda
Staphyleaceae/Turpinia/Turpinia_montana
Staphyleaceae/Turpinia/Turpinia_pomifera
Clusiaceae/Garcinia/Garcinia_schefferi
Clusiaceae/Garcinia/Garcinia_multiflora
Clusiaceae/Garcinia/Garcinia_oblongifolia
Clusiaceae/Garcinia/Garcinia_cowa
Clusiaceae/Garcinia/Garcinia_subelliptica
Gelsemiaceae/Gelsemium/Gelsemium_elegans
Ginkgoaceae/Ginkgo/Ginkgo_biloba
Gnetaceae/Gnetum/Gnetum_montanum
Stemonuraceae/Gomphandra/Gomphandra_tetrandra
Proteaceae/Helicia/Helicia_cochinchinensis
Proteaceae/Helicia/Helicia_shweliensis
Proteaceae/Helicia/Helicia_silvicola
Proteaceae/Heliciopsis/Heliciopsis_lobata
Proteaceae/Helicia/Helicia_nilagirica
Proteaceae/Helicia/Helicia_pyrrhobotrya
Proteaceae/Helicia/Helicia_hainanensis
Proteaceae/Helicia/Helicia_longipetiolata
Proteaceae/Helicia/Helicia_reticulata
Proteaceae/Heliciopsis/Heliciopsis_henryi
Helwingiaceae/Helwingia/Helwingia_japonica
Dipterocarpaceae/Parashorea/Parashorea_chinensis
Dipterocarpaceae/Hopea/Hopea_hainanensis
Myristicaceae/Horsfieldia/Horsfieldia_tetratepala
Myristicaceae/Horsfieldia/Horsfieldia_kingii
Myristicaceae/Knema/Knema_furfuracea
Myristicaceae/Horsfieldia/Horsfieldia_pandurifolia
Myristicaceae/Horsfieldia/Horsfieldia_glabra
Myristicaceae/Myristica/Myristica_yunnanensis
Myristicaceae/Knema/Knema_globullaria
Aquifoliaceae/Ilex/Ilex_memecylifolia
Aquifoliaceae/Ilex/Ilex_melanotricha
Aquifoliaceae/Ilex/Ilex_crenata
Aquifoliaceae/Ilex/Ilex_yunnanensis
Aquifoliaceae/Ilex/Ilex_ficoidea
Aquifoliaceae/Ilex/Ilex_fengqingensis
Aquifoliaceae/Ilex/Ilex_dolichopoda
Aquifoliaceae/Ilex/Ilex_micrococca
Aquifoliaceae/Ilex/Ilex_maximowicziana
Aquifoliaceae/Ilex/Ilex_cyrtura
Aquifoliaceae/Ilex/Ilex_macropoda
Aquifoliaceae/Ilex/Ilex_cornuta
Aquifoliaceae/Ilex/Ilex_macrocarpa
Aquifoliaceae/Ilex/Ilex_longecaudata
Aquifoliaceae/Ilex/Ilex_wilsonii
Aquifoliaceae/Ilex/Ilex_buergeri
Aquifoliaceae/Ilex/Ilex_fargesii
Aquifoliaceae/Ilex/Ilex_suaveolens
Aquifoliaceae/Ilex/Ilex_subrugosa
Aquifoliaceae/Ilex/Ilex_chingiana
Aquifoliaceae/Ilex/Ilex_manneiensis
Aquifoliaceae/Ilex/Ilex_triflora
Aquifoliaceae/Ilex/Ilex_gingtungensis
Aquifoliaceae/Ilex/Ilex_oligodonta
Aquifoliaceae/Ilex/Ilex_goshiensis
Aquifoliaceae/Ilex/Ilex_pedunculosa
Aquifoliaceae/Ilex/Ilex_litseaefolia
Aquifoliaceae/Ilex/Ilex_asprella
Aquifoliaceae/Ilex/Ilex_elmerrilliana
Aquifoliaceae/Ilex/Ilex_polyneura
Aquifoliaceae/Ilex/Ilex_latifolia
Aquifoliaceae/Ilex/Ilex_subficoidea
Aquifoliaceae/Ilex/Ilex_championii
Aquifoliaceae/Ilex/Ilex_chinensis
Aquifoliaceae/Ilex/Ilex_szechwanensis
Aquifoliaceae/Ilex/Ilex_viridis
Aquifoliaceae/Ilex/Ilex_corallina
Aquifoliaceae/Ilex/Ilex_verisimilis
Aquifoliaceae/Ilex/Ilex_chapaensis
Aquifoliaceae/Ilex/Ilex_integra
Aquifoliaceae/Ilex/Ilex_kengii
Aquifoliaceae/Ilex/Ilex_bioritsensis
Aquifoliaceae/Ilex/Ilex_tsoii
Aquifoliaceae/Ilex/Ilex_pubilimba
Aquifoliaceae/Ilex/Ilex_rotunda
Aquifoliaceae/Ilex/Ilex_angulata
Aquifoliaceae/Ilex/Ilex_hanceana
Aquifoliaceae/Ilex/Ilex_shennongjiaensis
Aquifoliaceae/Ilex/Ilex_pernyi
Aquifoliaceae/Ilex/Ilex_fukienensis
Aquifoliaceae/Ilex/Ilex_cochinchinensis
Aquifoliaceae/Ilex/Ilex_fragilis
Aquifoliaceae/Ilex/Ilex_formosana
Schisandraceae/Illicium/Illicium_modestum
Schisandraceae/Illicium/Illicium_lanceolatum
Schisandraceae/Illicium/Illicium_ternstroemioides
Schisandraceae/Illicium/Illicium_jiadifengpi
Schisandraceae/Illicium/Illicium_macranthum
Schisandraceae/Illicium/Illicium_dunnianum
Schisandraceae/Illicium/Illicium_minwanense
Schisandraceae/Illicium/Illicium_simonsii
Schisandraceae/Illicium/Illicium_verum
Schisandraceae/Illicium/Illicium_majus
Schisandraceae/Illicium/Illicium_oligandrum
Schisandraceae/Kadsura/Kadsura_heteroclita
Schisandraceae/Illicium/Illicium_jiadifengpi_var._baishanense
Schisandraceae/Illicium/Illicium_henryi
Schisandraceae/Schisandra/Schisandra_rubriflora
Iteaceae/Itea/Itea_macrophylla
Iteaceae/Itea/Itea_chinensis
Iteaceae/Itea/Itea_ilicifolia
Iteaceae/Itea/Itea_oblonga
Vitaceae/Leea/Leea_compactiflora
Vitaceae/Parthenocissus/Parthenocissus_laetevirens
Magnoliaceae/Michelia/Michelia_floribunda
Magnoliaceae/Manglietia/Manglietia_fordiana
Magnoliaceae/Manglietia/Manglietia_moto
Magnoliaceae/Manglietia/Manglietia_yuyuanensis
Magnoliaceae/Parakmeria/Parakmeria_lotungensis
Magnoliaceae/Manglietia/Manglietia_insignis
Magnoliaceae/Michelia/Michelia_maudiae
Magnoliaceae/Talauma/Talauma_hodgsoni
Magnoliaceae/Michelia/Michelia_skinneriana
Magnoliaceae/Manglietia/Manglietia_chingii
Magnoliaceae/Michelia/Michelia_hedyosperma
Magnoliaceae/Michelia/Michelia_platypetala
Magnoliaceae/Lirianthe/Lirianthe_henryi
Magnoliaceae/Magnolia/Magnolia_paenetalauma
Magnoliaceae/Michelia/Michelia_martinii
Magnoliaceae/Michelia/Michelia_alba
Magnoliaceae/Magnolia/Magnolia_denudata
Magnoliaceae/Michelia/Michelia_figo
Magnoliaceae/Parakmeria/Parakmeria_nitida
Magnoliaceae/Magnolia/Magnolia_biondii
Magnoliaceae/Oyama/Oyama_sieboldii
Magnoliaceae/Magnolia/Magnolia_dawsoniana
Magnoliaceae/Michelia/Michelia_foveolata
Magnoliaceae/Michelia/Michelia_chapensis
Magnoliaceae/Liriodendron/Liriodendron_chinense
Magnoliaceae/Magnolia/Magnolia_cylindrica
Magnoliaceae/Manglietia/Manglietia_grandis
Magnoliaceae/Magnolia/Magnolia_sprengeri
Onagraceae/Ludwigia/Ludwigia_ovalis
Sapotaceae/Madhuca/Madhuca_pasquieri
Sapotaceae/Sarcosperma/Sarcosperma_laurinum
Sapotaceae/Pouteria/Pouteria_grandifolia
Sapotaceae/Sarcosperma/Sarcosperma_kachinense
Sabiaceae/Meliosma/Meliosma_squamulata
Sabiaceae/Meliosma/Meliosma_rhoifolia_var._barbulata
Sabiaceae/Meliosma/Meliosma_rigida
Sabiaceae/Meliosma/Meliosma_pinnata
Sabiaceae/Meliosma/Meliosma_glandulosa
Sabiaceae/Meliosma/Meliosma_thorelii
Sabiaceae/Meliosma/Meliosma_oldhamii
Sabiaceae/Meliosma/Meliosma_cuneifolia
Sabiaceae/Meliosma/Meliosma_veitchiorum
Sabiaceae/Meliosma/Meliosma_beaniana
Sabiaceae/Meliosma/Meliosma_myriantha
Sabiaceae/Meliosma/Meliosma_cuneifolia_var._glabriuscula
Sabiaceae/Meliosma/Meliosma_velutina
Sabiaceae/Meliosma/Meliosma_arnottiana
Sabiaceae/Meliosma/Meliosma_kirkii
Sabiaceae/Meliosma/Meliosma_flexuosa
Sabiaceae/Meliosma/Meliosma_angustifolia
Pandaceae/Microdesmis/Microdesmis_caseariifolia
Musaceae/Musa/Musa_wilsonii
Myricaceae/Myrica/Myrica_rubra
Myricaceae/Myrica/Myrica_esculenta
Paulowniaceae/Paulownia/Paulownia_tomentosa
Paulowniaceae/Paulownia/Paulownia_catalpifolia
Paulowniaceae/Paulownia/Paulownia_kawakamii
Paulowniaceae/Paulownia/Paulownia_elongata
Paulowniaceae/Paulownia/Paulownia_fortunei
Icacinaceae/Pittosporopsis/Pittosporopsis_kerrii
Icacinaceae/Platea/Platea_latifolia
Pittosporaceae/Pittosporum/Pittosporum_illicioides
Pittosporaceae/Pittosporum/Pittosporum_glabratum
Pittosporaceae/Pittosporum/Pittosporum_tobira
Pittosporaceae/Pittosporum/Pittosporum_glabratum_var._neriifolium
Pittosporaceae/Pittosporum/Pittosporum_trigonocarpum
Pittosporaceae/Pittosporum/Pittosporum_xylocarpum
Pittosporaceae/Pittosporum/Pittosporum_podocarpum_var._angustatum
Platanaceae/Platanus/Platanus_orientalis
Platanaceae/Platanus/Platanus__acerifolia
Podocarpaceae/Podocarpus/Podocarpus_imbricatus
Podocarpaceae/Podocarpus/Podocarpus_neriifolius
Polygalaceae/Xanthophyllum/Xanthophyllum_siamense
Polygalaceae/Xanthophyllum/Xanthophyllum_hainanense
Polygalaceae/Polygala/Polygala_fallax
Escalloniaceae/Polyosma/Polyosma_cambodiana
Grossulariaceae/Ribes/Ribes_longiracemosum
Grossulariaceae/Ribes/Ribes_alpestre
Grossulariaceae/Ribes/Ribes_maximowiczii
Grossulariaceae/Ribes/Ribes_nigrum
Grossulariaceae/Ribes/Ribes_glaciale
Grossulariaceae/Ribes/Ribes_pulchellum
Grossulariaceae/Ribes/Ribes_rubrum
Grossulariaceae/Ribes/Ribes_mandshuricum
Grossulariaceae/Ribes/Ribes_tenue
Connaraceae/Rourea/Rourea_minor
Adoxaceae/Viburnum/Viburnum_nervosum
Adoxaceae/Viburnum/Viburnum_lobophyllum
Adoxaceae/Viburnum/Viburnum_mongolicum
Adoxaceae/Viburnum/Viburnum_tengyuehense
Adoxaceae/Viburnum/Viburnum_odoratissimum
Adoxaceae/Viburnum/Viburnum_utile
Adoxaceae/Viburnum/Viburnum_opulus_var._calvescens
Adoxaceae/Viburnum/Viburnum_sympodiale
Adoxaceae/Viburnum/Viburnum_chingii
Adoxaceae/Viburnum/Viburnum_foetidum
Adoxaceae/Viburnum/Viburnum_henryi
Adoxaceae/Viburnum/Viburnum_cylindricum
Adoxaceae/Viburnum/Viburnum_betulifolium
Adoxaceae/Viburnum/Viburnum_ternatum
Adoxaceae/Viburnum/Viburnum_burejaeticum
Adoxaceae/Viburnum/Viburnum_punctatum
Adoxaceae/Viburnum/Viburnum_atrocyaneum
Adoxaceae/Sambucus/Sambucus_williamsii
Adoxaceae/Viburnum/Viburnum_propinquum
Adoxaceae/Viburnum/Viburnum_setigerum
Adoxaceae/Viburnum/Viburnum_erubescens
Adoxaceae/Viburnum/Viburnum_rhytidophyllum
Adoxaceae/Viburnum/Viburnum_brachybotryum
Adoxaceae/Viburnum/Viburnum_erosum
Adoxaceae/Viburnum/Viburnum_sempervirens
Adoxaceae/Viburnum/Viburnum_plicatum_var._tomentosum
Adoxaceae/Viburnum/Viburnum_glomeratum_subsp._rotundifolium
Adoxaceae/Viburnum/Viburnum_schensianum
Adoxaceae/Viburnum/Viburnum_glomeratum
Adoxaceae/Viburnum/Viburnum_dilatatum
Adoxaceae/Viburnum/Viburnum_fordiae
Schoepfiaceae/Schoepfia/Schoepfia_chinensis
Sladeniaceae/Sladenia/Sladenia_celastrifolia
Smilacaceae/Smilax/Smilax_stans
Smilacaceae/Smilax/Smilax_lanceifolia_var._opaca
Smilacaceae/Smilax/Smilax_china
Smilacaceae/Smilax/Smilax_davidiana
Smilacaceae/Smilax/Smilax_glabra
Smilacaceae/Smilax/Smilax_ferox
Stachyuraceae/Stachyurus/Stachyurus_chinensis_var._chinensis
Stachyuraceae/Stachyurus/Stachyurus_chinensis_var._latus
Loganiaceae/Strychnos/Strychnos_cathayensis
Symplocaceae/Symplocos/Symplocos_cochinchinensis_var._laurina
Symplocaceae/Symplocos/Symplocos_cochinchinensis
Symplocaceae/Symplocos/Symplocos_confusa
Symplocaceae/Symplocos/Symplocos_oblanceolata
Symplocaceae/Symplocos/Symplocos_sumuntia
Symplocaceae/Symplocos/Symplocos_anomala
Symplocaceae/Symplocos/Symplocos_botryantha
Symplocaceae/Symplocos/Symplocos_ovalifolia
Symplocaceae/Symplocos/Symplocos_tetragona
Symplocaceae/Symplocos/Symplocos_heishanensis
Symplocaceae/Symplocos/Symplocos_lancifolia
Symplocaceae/Symplocos/Symplocos_chinensis
Symplocaceae/Symplocos/Symplocos_groffii
Symplocaceae/Symplocos/Symplocos_decora
Symplocaceae/Symplocos/Symplocos_dolichostylosa
Symplocaceae/Symplocos/Symplocos_congesta
Symplocaceae/Symplocos/Symplocos_crassilimba
Symplocaceae/Symplocos/Symplocos_euryoides
Symplocaceae/Symplocos/Symplocos_glauca
Symplocaceae/Symplocos/Symplocos_glomerata
Symplocaceae/Symplocos/Symplocos_grandis
Symplocaceae/Symplocos/Symplocos_subconnata
Symplocaceae/Symplocos/Symplocos_viridissima
Symplocaceae/Symplocos/Symplocos_paniculata
Symplocaceae/Symplocos/Symplocos_lucida
Symplocaceae/Symplocos/Symplocos_urceolaris
Symplocaceae/Symplocos/Symplocos_pseudobarberina
Symplocaceae/Symplocos/Symplocos_ramosissima
Symplocaceae/Symplocos/Symplocos_phyllocalyx
Symplocaceae/Symplocos/Symplocos_poilanei
Symplocaceae/Symplocos/Symplocos_adenophylla
Symplocaceae/Symplocos/Symplocos_setchuensis
Symplocaceae/Symplocos/Symplocos_stellaris
Symplocaceae/Symplocos/Symplocos_yizhangensis
Symplocaceae/Symplocos/Symplocos_theaefolia
Symplocaceae/Symplocos/Symplocos_adenopus
Symplocaceae/Symplocos/Symplocos_yunnanensis
Symplocaceae/Symplocos/Symplocos_dryophila
Symplocaceae/Symplocos/Symplocos_angustifolia
Tamaricaceae/Tamarix/Tamarix_ramosissima
Tapisciaceae/Tapiscia/Tapiscia_sinensis
Combretaceae/Terminalia/Terminalia_bellirica
Combretaceae/Terminalia/Terminalia_myriocarpa
Trochodendraceae/Tetracentron/Tetracentron_sinense
Ulmaceae/Ulmus/Ulmus_davidiana_var._japonica
Ulmaceae/Ulmus/Ulmus_glaucescens
Ulmaceae/Ulmus/Ulmus_bergmanniana
Ulmaceae/Ulmus/Ulmus_davidiana
Ulmaceae/Ulmus/Ulmus_laciniata
Ulmaceae/Zelkova/Zelkova_serrata
Ulmaceae/Zelkova/Zelkova_sinica
Ulmaceae/Ulmus/Ulmus_lamellosa
Ulmaceae/Zelkova/Zelkova_schneideriana
Ulmaceae/Ulmus/Ulmus_macrocarpa_var._glabra
Ulmaceae/Ulmus/Ulmus_parvifolia
Ulmaceae/Ulmus/Ulmus_pumila
Ulmaceae/Ulmus/Ulmus_macrocarpa
Rubiaceae/Chassalia/Chasalia_curviflora
Rosaceae/Rhaphiolepis/Raphiolepis_indica
Rosaceae/Rhaphiolepis/Raphiolepis_salicifolia
Rosaceae/Rhaphiolepis/Raphiolepis_umbellata
